Brand Name,
Mo Betta by Maury Tate,
#Parfums Hashtag,
& Other Stories,
0.2,
10 Corso Como,
1000 Flowers,
100BON,
101 Botanicals,
10100,
10sei0otto,
10th Avenue Karl Antony,
18.21 Man Made,
1907,
1928 Jewelry Company,
1st Femme,
2 Be 3,
21 Club,
27 87 Perfumes,
3CE,
4 Elementi,
40notes,
4160 Tuesdays,
47 Street,
4711,
50 Cent,
7 by MS Dhoni,
7 Garnets,
A Beautiful Life,
A Dozen Roses,
A Lab on Fire,
A Perfume Organic,
A Rock on a Lens,
A Wing & A Prayer Perfumes,
A'pieu,
A. A. Vantine & Co.,
A. Blanc,
A. C. Leyer,
A. Gerngross,
A. Gravier,
A. Himmelbauer & Comp. / Anton Himmelbauer & Co.,
A. Holzmaister,
A. J. Hilbert & Co.,
A. L. Siegel,
A. Maczuski,
A. Moras & Comp.,
A. Motsch & Co.,
A. Niggi & Co.,
A. P. Babcock,
A. P. Durand,
A. Ricci,
A.B.R Barlach,
A.Biette & Fils / Alexis Biette,
A.H.A. Bergmann / Ahabergmann,
A.K. Saeed,
A.W. Dunmore,
Abaci,
Abahna,
Abaton,
Abbazia di San Paolo,
Abbott,
Abdul Karim Al Faransi,
Abdul Samad Al Qurashi,
Abeer,
Abel,
Abenin,
Abercrombie & Fitch,
Abercrombie Kids,
Abietsan,
Abinoam,
Abner Cologne,
Absentia Aromatics,
Absolument Parfumeur,
Abtei Sankt Severin,
Acca Kappa,
Accendis,
Accessorize,
Accord Parfait,
Ach. Brito,
Acis,
Acorelle,
Acosy,
Acqua Alpes,
Acqua degli Dei,
Acqua del Garda,
Acqua dell'Elba,
Acqua delle Langhe,
Acqua di Alba,
Acqua di Baviera,
Acqua di Bergamo,
Acqua di Biella,
Acqua di Capri,
Acqua di Fiesole,
Acqua di Firenze,
Acqua di Genova,
Acqua di Montisola,
Acqua di Parma,
Acqua di Portofino,
Acqua di Sardegna,
Acqua di Siena,
Acqua di Stresa,
Acqua di Taormina,
Acqua Novara,
Acquature,
Acque d'Oriente,
Acque Imperiali,
ACT Cosmetics Co.,
Adam,
Adam Levine,
Addy van den Krommenacker,
Adelante,
Adele Simpson,
Adessa,
Adidas,
Adler / Adler Cosmetica,
Adler Club,
Admiranda,
ADN Paris,
Adnan B.,
Adolfo,
Adolfo Dominguez,
Adolph Spiehler,
Adopt',
Adorn,
Adrian,
Adrian Designs,
Adriana Karembeu,
Adrien Arpel,
Adrienne Landau,
Adrienne Vittadini,
Aedes de Venustas,
Aeon Perfume,
Aerin,
Aeronautica Militare,
Aether Arts Perfume,
Affinessence,
Affliction,
Aficionado,
Afnan Perfumes,
African Aromatics / House of Mir,
Aftelier,
After Sea Aesthetics,
Agallocha,
Agar Aura,
Agarscents Bazaar,
Agatha,
Agatha Brown,
Agatha Ruiz de la Prada,
Age of Earth Collective,
Agent Provocateur,
Agnel,
Agnez Mo / Agnes Monica,
Agnona,
Agonist,
Agra,
Agra Perfumes,
Agraria,
Agua de Mallorca,
Agua de Sevilla,
Agustin Davila,
Ahava,
Ahjaar,
Ahmed Soliman,
Ahsan,
Ahwaz,
Aida,
Aidees,
Aigner / Etienne Aigner,
Ainea,
Air-Val International,
Airness,
Aisha Perfumes,
Ajmal,
Ajne,
Ajyad,
AK France,
Akamuti,
Akat,
Akon,
Al Aneeq,
Al Attar,
Al Basmah,
Al Battash,
Al Dhahbi,
Al Fakhr,
Al Fudhi,
Al Halal,
Al Haramain,
Al Khayam Zafron,
Al Musbah,
Al Raheeb,
Al Reem,
Al Rehab,
Al Sadae,
Al Waseef,
Al Zahbi,
Al-Asalah,
Al-Jazeera,
Al-Muhib,
Al-Shaya,
Aladdin Fragrances,
Aladin,
Alain Daniel,
Alain de Paris,
Alain Steven,
Alan Bray,
Alan Cumming,
Alasas,
Alaska y Mario,
Alba,
Albane Noble,
Albaro,
Alberna,
Albert Nipon,
Albert Premier,
Alberta Ferretti,
Alberto Culver Company,
Albin du Roy,
Albion,
Albrecht,
Alchemic Muse,
Alchemist Alternative,
Alchemy Home Company,
Alchera,
Alchimista,
Alcina,
Alcolado Glacial,
Alda,
Aldi / Hofer,
Aldo,
Aldo Vandini,
Alegria,
Alejandro Sanz,
Alepia,
Alesha Dixon,
Alessandro,
Alessandro Dell'Acqua,
Alessandro Della Torre,
Alex,
Alex and Ani,
Alex Curran,
Alex Simone,
Alexa Lixfeld,
Alexander Da Costa,
Alexander Julian,
Alexander McQueen,
Alexandra de Markoff,
Alexandre Barthet,
Alexandre et Cie,
Alexandre J,
Alexandria Fragrances,
Alfie Cosmetics,
Alford & Hoff,
Alfred Lane,
Alfred Sung,
Alfred Verne,
Alfred Wright,
Alfredo Pauly,
Algi,
Alice & Peter,
Alice Choquet,
Alice de Saint Amour,
Aliqua,
Alix de Faure,
Alkemia,
Alkemilla,
All Blacks,
All Good Scents,
Alla Pugacheva,
Allegra Rhodes,
Allegri,
Allen B. Wrisley Co.,
Allen Shaw,
Allen-Brown,
Allison,
Alma de Canarias,
Almay,
Alo Cosmetics,
Aloha Beauty,
Alpa,
Alquemie,
Alquimia Pervane,
Alqvimia,
Alta Moda,
Altaia,
Altearah Bio,
Alterra,
Alverde,
Alviero Martini,
Alwani Perfumes,
Alyson Oldoini,
Alyssa Ashley,
AM Diffusion Ofradi,
Amacyn,
Amado,
Amance,
Amanda Lacey,
Amanda Lepore,
Amando Perez,
Amarante,
Amarelli,
Amayori,
Amazon Cosmetics,
Amazongreen,
Amazonia Viva,
Amba,
Amberfig,
Amblins,
Ambregris,
AMC Beauty,
Ame Sombre,
Amelie Creations,
Amen Wardy,
America's Next Top Model,
American Beauty,
American Coastal,
American Crew,
American Eagle,
American Girl,
AmeriScent,
Amica,
Amichi,
Amiot / Les Parfums Amiot,
Amor,
Amordad,
Amorvero Profumo,
Amouage,
Amouroud,
Amrita,
Amway,
Amy Childs,
Amy Vermont,
Amygdala,
Ana Hickmann,
Ana Rosa,
Ana Salazar,
Anamor,
Anat Fritz,
Anatole Lebreton,
Anderson's,
Andrea Botta,
Andrea Maack,
Andreas Gabalier,
Andreas Reichenberg,
Andy Roddick,
Andy Warhol,
Anfas / Anfass,
Anfas Alkhaleej,
Anfasic Dokhoon,
Angana,
Angel Face Botanicals,
Angel Heart,
Angel Schlesser,
Angel-a,
Angela Ciampagna,
Angela Flanders,
Angelique & Co.,
Angelitos,
Angelo Caroli,
Angelo Sanzio,
Anggun,
Angkor,
Anglia Perfumery,
Anicka Yi & Maggie Peng,
Anima Vinci,
Animale,
Animi - Julia John,
Anine Bing,
Anita of Paris,
Aniu de la Baie,
Anja Rubik,
Anjolie,
Anjou,
Ankara,
Ann Haviland,
Ann Ringstrand,
Ann Steeger,
Ann Summers,
Ann Taylor,
Anna / A.I.J.,
Anna Andre,
Anna Biondi,
Anna Dello Russo,
Anna Marchetti,
Anna Maria Mazaraki,
Anna Nicole Smith,
Anna Paghera,
Anna Rivka,
Anna Sui,
Anna Zworykina,
Annabella,
Anne de Beaujeu / Parfums Anne de Beaujeu,
Anne Klein,
Anne Rose Profumalchemico,
Anne-France de Montigny,
Anne-Marie Grallet,
Anneli,
Annette Neuffer,
Annie Oakley,
Annika Sorenstam,
Annique,
Anny Blatt,
Anthea,
Anthesis,
Anthony Embry,
Anthony Logistics,
Anthony Peter Slotta,
Anthropologie,
Antica Barbieria Colla,
Antica Farmacia degli Monaci Camaldolesi,
Antica Farmacista,
Antiga Barbearia de Bairro,
Antoine,
Antoine et Lili,
Anton J. Czerny,
Antonia's Flowers,
Antonio Alessandria,
Antonio Banderas,
Antonio Croce,
Antonio da Pescara,
Antonio Fusco,
Antonio Miro,
Antonio Visconti,
Antony Morato,
Anu Essentials,
Anucci,
Anya's Garden,
Apaco,
Apart,
Apiarium,
Apis Cosmetic,
Apivita,
Apolis,
Aponie,
Apoteker Tepe,
Apothecary,
Apothia,
Apple Cosmetics,
April Aromatics,
Apriori,
Aqaba,
Aqua di Ponza,
Aqua Flor,
Aqualis,
Aquascutum of London,
Aquolina,
Aqva Bland,
Arabella,
Arabella Stuart,
Arabesca,
Arabesque Perfumes,
Arabian Attars,
Arabian Oasis,
Arabian Oud,
Arabian Souvenir,
Arabiyat,
Aramis,
Arbell,
Arbonne,
Arcana,
Archange,
Arche,
Archetypes,
Archipelago,
Arcy,
Ard Al Zaafaran,
Areej Al Ameerat,
Arell Toiletries Inc.,
Ares,
Arfango,
Aria di Sicilia,
Ariana Grande,
Ariane Inden,
Arielle Shoshana,
Arkadia Aromas y Sabores de Autor,
Arko Men,
Arlene Dahl,
Arly,
Armaf,
Arman,
Armand Basi,
Armand Dupree,
Armand Duval,
Armant's Perfumes,
Armour-Dial,
Arnaldo Pomodoro,
Arnel,
Arno Sorel,
Aroba,
Aroma Earth,
Aroma Essence,
Aroma Link,
aroma M,
Aroma Music,
Aroma Sanctum,
Aromachology,
Aromantik,
Aromasia,
Aromatherapy Associates,
Aromatic Traditions,
Aromatologic,
Aromawakening,
Aromel,
Aromers,
Aromi,
Arquiste,
Arqus,
Arran / Arran Aromatics,
Arrogance,
Arrogant Cat,
Ars Mirabile,
ars Parfum,
Arsenal FC,
Arshia,
Art de Parfum,
Art Deco Perfumes,
Art Landi Profumi,
Art Meets Art,
Art of Perfumery,
Art of Scent Swiss Perfumes,
Artalep,
Artdeco,
Arte Profumi,
Artemis,
Artemisia Natural Perfume,
ArteOlfatto,
ArteOlfatto - Luxury Perfumes,
Artfield Creations,
Arthur Philippi / Arthur Philippe's,
Artistry,
Arts et Fragrances,
Arts&Scents;,
Arty Fragrance,
Arval,
Arys,
Asama,
Asayel Al Oud,
Ascent Perfumes,
Asgharali,
Ashanti,
Ashley Brooke,
Ashley Roberts,
Ashley Stewart,
Askett & English,
Asprey,
Associated Distributors, Inc.
Astar,
Astier de Villatte,
Astrid,
Astrid Merger,
Atelier Austin Press,
Atelier Bloem,
Atelier Cologne,
Atelier de Geste,
Atelier Delteil,
Atelier des Ors,
Atelier Flou,
Atelier Ulric,
Athena's,
Atkinsons,
Atlas for Men,
Atmysphere,
Atoll,
Atomic Kitten,
Atrin Star Co.,
Attar Collection,
Attar Khalid,
Attirance,
Au Pays de la Fleur d'Oranger,
Aubade,
Aubert,
Aubusson,
Aucoin Perfume Co.,
Audra James Botanicals,
Augier,
Auguste,
Augustina,
Auphorie,
Aura-Soma,
Auric Blends,
Auriendor,
Aus Liebe zum Duft,
Ausganica,
Austin Reed,
Australian,
Auteuil,
Automobile Club de L'Ouest,
Automobili Lamborghini,
Autour du Parfum,
Autre Parfum,
Autrepart,
Auvergne,
AV Eight,
Ava Luxe,
Avanta / Suvenir / Krasnodar,
Avatim,
Aveda,
Avenel,
Avenue1,
Avery Perfume Gallery,
Avoca,
Avon,
Avril Lavigne,
Avroy Shlain,
Awaken,
Aweka,
Axe / Lynx,
Axis,
Ayala Moriel,
Ayer / Harriet Hubbard Ayer,
Ayrel,
Ayu,
Ayura,
Azaan,
Azagury,
Azienda Italia S.R.L.,
Aziza World,
Azzaro / Parfums Loris Azzaro,
B FNKY!,
B Fragranced,
B Fragrances,
B Never Too Busy To Be Beautiful,
B&B; Cosmetics,
B. D. Baldwin & Co.,
Babani,
Babbitt,
Babista,
Babor,
Babs Creations,
Baccarat,
Bachs,
Bacorn,
Bade Parfums,
Badgley Mischka,
Baglietto,
Bahoma,
Bait,
Balcana,
Baldessarini,
Baldi,
Baldinini,
Balea,
Balenciaga,
Ballarde,
Bally,
Balm Balm,
Balmain,
Balmaso,
BALR.,
Bamford,
Banana Republic,
Bandai,
BAPE / A Bathing Ape,
Baratta,
Baratti,
Barbara Bui,
Barbara Gould,
Barbara Lohmann,
Barbara Orbison,
Barbara Steinberger,
Barbara Ward,
Barbasol,
Barbie,
Barbizon,
Barbour,
Barnett & Linnett,
Barneys New York,
Barocco Haute Couture,
Baron Joe,
Baronessa Cali,
Barrister And Mann,
Baruti,
Barzelatto,
Basile,
Basin,
Basisnote,
Bastide,
Bath & Body Works,
Bath House,
Batman,
Battaglia,
Battini,
Battistoni,
Baudelot,
Baug Sons,
Baxter of California,
Baywatch,
Bazaar des Senteurs,
BB by Berlin,
BBR,
bdk Parfums,
Bea Kasser,
Bea-Van's,
Bean & Brother,
Bean & Vail,
Beard Boys,
Beardbrand,
Beardology,
Beate Johnen,
Beaufort,
BeautiControl,
Beautifully Delicious,
Beautimatic,
Beautop Louise,
Beauty Brand Development,
Beauty Cosmetics,
Beauty Cosmetics Berlin,
Beauty Success,
Beautydrugs,
Beautysecrets by Birgit Schrowange,
Beaux Arts,
Bebe,
becker.eshaya,
Becon Berlin,
Bedouin,
Beeker's,
Beethoven / L. V. Beethoven,
Begim,
Beiersdorf,
Bel Air Beverly Hills,
Belen Rodriguez,
Belinda Brown,
Bella Bellissima,
Bella Freud,
Bella Senza,
belle,
Belle Art Creations,
Bellmira,
Bellona,
Belmondo,
Ben Bridge,
Ben Rickert,
Ben Sherman,
Bench.,
Bench/,
Benecos,
Benedict Friars,
Benedict Perfumer Chicago,
Benefit,
Benetton,
Bengal Chemical,
Benito Fernandez,
Benjamin Ansehl,
Benjamin Mfg Co.,
Benoit / H. Benoit,
Benta Berry,
Bentley,
Berdoues,
Berendsohn,
Bergdorf Goodman,
Bergerac,
Berlin Cosmetics,
Bermuda,
Bernard et Roger,
Bernard Laget,
Bernard Lalande,
Bernd Berger,
Berneux,
Bernoth,
Bershka,
Bertelli,
Berthold / Parfumerie Berthold,
Bertimay,
Best & Co.,
Best Company,
Bestline Products, Inc.
Beth Wendy,
Betsey Johnson,
Bettina Barty,
Bettina Brenner,
Betty Barclay,
Betty Boop,
Between Heaven & Earth,
Beverly Hills 90210,
Beverly Hills Beauty,
Beverly Hills Polo Club,
Bex London,
Bexley,
Bianca Lonardi,
Biba,
Bibi Bigler,
BIC,
Bichara,
Bicosa,
Biddle's,
Biehl Parfumkunstwerke,
Bija Inc.,
Bijan,
Bijon,
Bijou,
Bijoux Indiscrets,
Biki,
Bikkembergs,
Bill Blass,
Billy Boy,
Billy Jealousy,
Billy X Club,
Binella,
Binky Felstead,
Binnie Co.,
Bio Company,
Bioaromes Laboratoire,
Biodroga,
Bioessence,
BioFresh Cosmetics,
Biokosma,
Biomaris,
Biosea,
Biotherm,
Biotique,
Birger Christensen,
Birra,
Biska Imports,
Bissoumine,
Bitmakaly,
Bitty Bettys,
Bizou,
BK Perfumes,
Black & White,
Black Belt Fragrances,
Black Cat Creatives,
Black Chicken Remedies,
Black Onyx,
Black Phoenix Alchemy Lab,
Black Violet,
Blackbird,
Blackglama,
BlackUp,
Blade,
Blair,
Blaise Mautin,
Blanchard,
Blancheide,
Blavi,
Blend Oud,
Blendax,
Bleulight,
Bliss,
Blithe and Bonny,
Blocki,
Blood Concept,
Bloodbath,
Blooddrop,
Bloom Perfumery,
Blooming Dream Natural Fragrances,
Bloomingdale's,
Blossom Beauty,
Blue Pollack,
Blue Poppy Bath & Body,
Blue Q,
Blue Waltz,
Blue.Up,
Bluewick,
Blumarine,
Blushie,
Blutengel,
BN Parfum,
Bo-Kay,
Boa,
Boadicea the Victorious,
Bob Mackie,
Bobbi Brown,
Bobby Jones,
Bodevoke,
Body & Soul Wellness,
Body Conjure,
Body Time,
Body X - Pure Women,
bodycology,
Bodypower,
Boellis,
Boggi,
Bogner,
Bogue,
Bohdidharma,
Boheme Chic,
Bohemian Naturals,
Bohemian Society,
Bohoboco,
Bois 1920,
Bois Richeux,
Boldoot / J. C. Boldoot,
Bolgherello,
Bolvaint,
Bombastus Werke,
Bombay Perfumery,
Bombay Sapphire,
Bombi,
Bon Parfumeur,
Bon'A Parte,
Bonanza Satrangi,
Bond No. 9,
Bongo,
Bonia,
Bonita,
Bonjour Seychelles,
Bonne Bell,
Bonnet,
Bonny Doon Farm,
Bonpoint,
Bonton,
Boots,
Borbonese,
Boreal,
Borella,
Borghese,
Boris Bidjan Saberi,
Borsalino,
Borsari 1870,
Boston Proper,
Botanical Buddha Apothicaire,
Botanicus,
Botanique,
Botot,
Bottega del Profumo,
Bottega del Sarto,
Bottega Profumiera,
Bottega Veneta,
Bottega Verde,
Botticelli,
Boucheron,
Boudicca,
Bourbon French Parfums / Caro's Bourbon French Perfume Co.,
Bourdier Parfumeur,
Bourjois,
Boutique Perfumery,
Bovet,
Bozart,
Bozzini,
Braccialini,
Bradley Perfumer New York / D. R. Bradley & Son,
Brajan,
Bramble,
Brandost,
Brandy Parfums,
Braque,
Bravo Tango Bravo,
Brecourt,
Breidenbach & Co.,
Breil Milano,
Bret Michaels,
Brian Delany,
Brian Rennie,
Briar Muse,
Brighton,
Brigitte Bardot,
Brinsdor,
Brioni,
Briseis,
Brissac,
Brissez,
Brisson,
Britney Spears,
Brojalys,
Bronnley,
Bronzini,
Brooke & Shoals,
Brooklyn Perfume Company,
Brooklyn Soap Company,
Brooks Brothers,
Brooksfield,
Brown Shoe,
Browny,
Bruce Darnell,
Bruce LaBruce,
Bruce Oldfield,
Bruno Acampora,
Bruno Banani,
Bruno Fazzolari,
Bruno Storp / Storp Parfum,
Bruns,
Bryenne,
Bryn Mawr,
Bubble and Geek,
Buck,
Buckle,
Bud Parfums,
Buenos Liberto,
Buffalo Gal Organics,
Buffalo London,
Bugatti,
Buhara Esans,
Buisson,
Bulgarian Rose Karlovo,
Bullfrog,
Bullock, Ward & Co.
Buly,
Bunkface,
Bunny Butt Apothecary,
Burashid,
Burberry,
Burdigala Parfums,
Burdin,
Burger King,
Burma-Vita Company,
Burmann,
Burt's Bees,
Bush Boake Allen,
Butter Toki,
Butterfly Thai Perfume,
BVB 09 / Borussia Dortmund,
Bvlgari,
by Bobo,
BY U,
Byblos,
Byphasse,
Byredo,
BZ Parfums,
C. B. Woodworth & Sons Co.,
C. H. Selick,
C.O. Bigelow,
Cabot Labs / West Cabot,
Cacharel,
Cadillac,
Cadolle,
Cadum,
Caesars,
Cagro,
Caille,
Cake Beauty,
Calderara & Bankmann,
Caldey Abbey Perfumes,
Caldrea,
Calgon,
California Fleurish,
California Perfume Company,
Calixte,
Call of the Vialed,
Callaghan,
Callio Fragrance,
Calum Best,
Calvin Klein,
Calypso St. Barth,
Calypso St. Barth / Christiane Celle,
Calzedonia,
Camel,
Camicissima,
Camille Beckman,
Camp Beverly Hills,
Camp David,
Campelle,
Campomar,
Campos de Ibiza,
Canali,
CanCarlos,
Candie's,
Candora,
Candy Crush,
Candy Kitten,
Canmake,
Cannon,
Canoe,
Capcom,
Capelle,
Capital Cosmetics,
Capsule Parfums,
Captain Fawcett's,
Caravane,
Caray,
Carbaline,
Cardinal,
Cardon,
Cardy,
Careline,
Caren Pfleger,
Caribbean Joe,
Caribbean Perfumes,
Caribe,
Carine Roitfeld,
Carita,
Carl Philipp Pollak,
Carla Bulgaria Roses Beauty,
Carla Carini,
Carla Cruz,
Carla Fracci,
Carlen Parfums,
Carlieri,
Carlo Bossi,
Carlo Colucci,
Carlo Corinto,
Carlo Dini,
Carlo Pazolini,
Carlo Pignatelli,
Carlos Santana,
Carlton / Parfums Carlton,
Carluccini Parfums,
Carlyle,
Carmel Myers,
Carmen Electra,
Carmen Sevilla,
Carmine Davis,
Carnaud,
Carner,
Carnet de Vol,
Carnival Wax,
Caro Cuore,
Carol's Daughter,
Carole Franck,
Carolina Gynning,
Carolina Herrera,
Caroline Constant,
Caron,
Carpier,
Carrement Belle,
Carrera,
Carrera Jeans,
Carrtone Laboratories,
Carthusia,
Cartier,
Cartier / Marius Cartier,
Carven,
Casa Fior,
Casanera,
Cascella,
Casha,
Casino,
Casino Parfuem Saxonia,
Cassia Aromatics,
Castelbel,
Casteldor,
Castello di Ama,
Castillo,
Castle Forbes,
Castro,
Caswell-Massey,
Catbird,
Cath Collins,
Cath Kidston,
Cathay Pacific,
Catherine Deneuve,
Catherine Lara,
Catherine Malandrino,
Catherine Nail Collection GmbH,
Cathy Carden,
Catmuse,
Cattier,
Caudalie,
Cavallini,
CB I Hate Perfume,
CD,
Ceca,
Cedosce,
Ceil Chapman,
Celavie Perfumes,
Celestine,
Celine Dion,
Celine Leora,
Cella,
Cellcosmet,
Cerchi Nell'acqua,
Cereus,
Cerruti,
Cesare Paciotti,
CFS,
CH. Cordier,
Ch. Grant,
Cha Ling,
Chabaud,
Chabrawichi,
Chacok,
Champer,
Champrel,
Chandrika Thomas,
Chanel,
Chanelle Hayes,
Channoine,
Chanper,
Chantal du Monde,
Chantal Kosmetik,
Chantal Malis,
Chantal Thomass ,
Chantecaille,
Chantelle,
Charabot,
Charbert,
Charenton Macerations,
Charismo,
Charles Blair,
Charles Chaplin,
Charles Frantz,
Charles H. Baldwin & Sons,
Charles Jourdan,
Charles Lamaine,
Charles of the Ritz,
Charles Roger,
Charles V,
Charleston,
Charleston Girl,
Charlet,
Charley Stone,
Charlotte et Benjamin,
Charlotte Meentzen,
Charlotte Rhys,
Charlotte Russe,
Charlotte Tilbury,
Charlton Homme,
Charmeen,
Charming Charlie,
Charrier,
Charriol,
Chartres,
Chasin',
Chaugan,
Chaumet,
Chaurand,
Chaz Dean,
Cheeky,
Cheeky Moda,
Cheifel,
Cher,
Cher Lloyd,
Cheramy,
Cheri Milaney,
Cheryl,
Chevalier Garde,
Chevignon,
Chevy America,
Chevy Chase,
Chhabria,
Chi Chi Cosmetics,
Chiara Ambra,
Chiara Boni,
Chic'n Glam,
Chicca Collections,
Chicco,
Chiemsee,
Child Perfume,
Chinon / Parfums Chinon,
Chipie,
CHK Culture,
Chkoudra,
Chloe + Isabel,
Chlorophylla,
Chocolate CRAVE Perfume,
Choice Com,
Chopard,
Chris Adams,
Chris Farrell,
Chris Silber,
Christian Audigier,
Christian Aujard,
Christian Breton,
Christian de Glory,
Christian Gilles,
Christian Gray,
Christian Lacroix,
Christian Lorz,
Christian Louboutin,
Christian Louis,
Christian Materne,
Christian Roche,
Christian Ros's,
Christian Siriano,
Christian Tortu,
Christiane Barlette,
Christianne de Junianne,
Christianny,
Christies,
Christina Aguilera,
Christine Arbel,
Christine K.,
Christine Kaufmann,
Christine Lavoisier Parfums,
Christophe Felder,
Christopher,
Christopher Chronis,
Christopher DiCas,
Christopher Joseph,
Christy,
Christy Inc.,
Christy Organics,
Chupa Chups,
Churchill,
Ciatu - Soul of Sicily,
Ciboni,
Ciccarelli,
Ciclo,
Cid Coper,
Cigar,
Cigar Fragrances,
Cinch,
Cindy,
Cindy Adams,
Cindy Chahed / Cindy C.,
Cindy Crawford,
CinisLabs,
Cinnamon Projects,
Cinq Mondes,
Cioccolato Mon Amour,
Cirmes,
Ciro / Parfums Ciro,
Citra Products,
City,
City Men,
CJ Scents,
CL / Cristian Lay,
Claire Dorbe / Claire d'Orbe,
Claire's,
Clairefontaine,
Clairvoyant Beauty,
Clamy,
Clandestine,
Clara Centinaro,
Clara en Provence,
Clarins,
Clash,
Claude Galien,
Claudia Scattolini / Fragrance Designer,
Claudie Pierlot,
Claudio La Viola,
Claudio Zanettin,
Claus Porto,
Clayeux,
Clean,
Cleevelandt Corp.,
Clermont / Clermont et Fouet,
Cliff,
Cliff Richard,
Clinic Hygienic Co.,
Clinique,
Clive Christian,
Clogau,
Cloon Keen Atelier,
Clos d'Aguzon,
Close 2,
Club Med,
Club Parfum,
Clubman / Edouard Pinaud,
CMC,
CnR Create,
Coach,
Coast Sydney,
Coast Sydney Botanicals,
Coco Amour,
Cocoa 5 Senses,
CocoaPink,
Cocot,
Code Deco,
Coeur d'Esprit,
Cofinluxe / Cofci,
Cognoscenti,
Col. Ichabod Conk,
Coleen Rooney,
Colgate & Company,
Colibri Parfums,
Colin Dufour,
Collect & Bottle,
Collines de Provence,
Collistar,
Cologne & Cotton,
Color Me Beautiful,
Colour Me,
Colton,
Come!Closer,
Comin,
Commodity,
Common Brimstone,
Como & Brigante,
Como quieres que te quiera,
Compagnia delle Indie,
Compagnie de Provence,
Compagnie Royale,
Companhia da Terra,
Comporta Perfumes,
Comptoir Cologne,
Comptoir des Cotonniers,
Comptoir Sud Pacifique,
Concentra,
Concept V Design,
Conjure Oils,
Connie Stevens / Forever Spring,
Connock London,
Conquest Personal Care,
Consolidated Cosmetics,
Constance Bennett,
Constance Carroll,
Contes,
Contessa di Castiglione,
Contezza,
Contina Corporation,
Contro Corrente,
Cook,
Coolife,
Coparel,
Copic,
Coppeneur,
Coquette Paris,
Coqui-Coqui,
Coquillete,
Cor Sine Labe Doli,
Corbeille Royale,
Corday,
Core,
Corine de Farme,
Corinne Cobson,
Corinne Damier,
Corsair,
Corsica Pam,
Corsini,
Cortina 1224,
Corvette,
Coryn,
Cosby,
Coscentra,
Cosko / Vicos GmbH,
Cosmalia,
Cosme Decorte,
Cosmence,
Cosmetic Club International,
Cosmetica Fanatica,
Cosmetics To Go,
Cosmopolitan,
Costa,
Costamor,
Costume National,
Cotswold Perfumery,
Cottage,
Cottonfield,
Coty,
Couleurs du Sud,
Countess Maritza,
Courvoisier,
Cousu de Fil Blanc,
Couverture,
Cowshed,
CPL Aromas,
CR7,
Crabtree & Evelyn,
Crazylibellule and the Poppies,
Cream Perfume Company,
Creative Specialities,
Creative Universe Beth Terry,
Creed,
Creme 21,
Cremieux,
Crevani,
Criminal Elements,
Cristal Paris,
Cristalleries de Saint-Louis,
Cristiana Bellodi,
Cristiano Fissore,
Cristiano Ronaldo,
Crochet,
Crofts & Reed,
Crossmen,
Crow Perfume,
Crown Perfumery,
Cruel,
Crusellas & Company,
Cruyff Classics,
Cuarzo The Circle,
Cuba,
Culpeper Ltd.,
Cult 51,
Cult of Scent,
Culti,
Cupid,
Curio Noir,
Currara,
Curve / Liz Claiborne,
Cussons,
Custo Barcelona,
Cute Press,
Cyberinterface,
Cyclax,
Cynthia Rowley,
Cyrnarom,
Cyrus,
cyÂ°zone,
Czech & Speake,
D & B Products / D&B; Products,
d'Argelys,
D'Artagnan,
d'Elty,
d'Heraud,
D'Laura Fragrances,
d'Ormo,
d'Orsay,
d'Ouchy,
D. R. Harris,
D.S. & Durga,
DAAD Dantone,
Dabrooks,
Daddy Yankee,
Dadi / Perfumes Of Singapore,
Daevers / Ernst Daevers,
Daggett & Ramsdell,
Dagmar Dielmann,
Dainty & Heaps,
Dainty Dabs,
Daisy Fuentes,
Dales & Dunes,
Dali Haute Parfumerie,
Dalon,
Dalton,
Dalvey,
Damascar,
Damask Moon / Charity Holly,
Dame Perfumery Scottsdale,
Damn Good Soap Company,
Dana,
Dana Buchman,
Dana Rogoz,
Dana Savuica,
Danger Paris,
Daniel Banks,
Daniel Barros,
Daniel Cassin,
Daniel Chartier,
Daniel de Fasson,
Daniel Hechter,
Daniel Josier,
Daniel Jouvance,
Daniela Katzenberger,
Daniela Kosan,
Daniella Pavicic,
Danielle Steel,
Daniellou,
Danny Seo,
Danny Suprime,
Dans un Jardin,
Dar al Oud,
Dar Al Teeb / House of Fragrance,
Dar Almisk Perfumes,
Darcel,
Darius McLean,
Darjantyl,
Darkwood Forest,
Darphin,
Das Marken Team,
Dasa,
Dasein,
Daubigny,
Davet / Marie Davet,
David Beckham,
David Bisbal,
David Bustamante,
David Coulthard,
David Garrett,
David Haris,
David Jourquin,
David Liss,
David Thibaud-Bourahla,
David Yurman,
Davidoff,
Davines,
Davis Soap Co. / E.M. Davis Soap Co.,
Daxau Style International,
Dayenne Cosmetique,
Daytona,
De Berins,
de Bijenkorf,
De Cortot,
de Crignis,
de Grigny,
de Heriot,
De Jerry,
De Jussy,
De Lamas,
De Luxe,
De Meers,
De Montespan,
de Nivel,
de Riaz,
De Ruy,
de Soisel,
de Vaudrey,
De Vernon,
De Vineuil,
Dealor,
DeAndre,
Dear Diary,
Dear Rose,
Deborah International Beauty,
Deborah Milano,
Decennial,
Decenta,
Deco,
Decolte,
Deconstructing Eden,
Deep Midnight Perfumes,
Deep Steep,
DefineMe,
Degas,
Del Gobbo,
Dela,
Delagar,
Delarom,
Delavelle,
Delettrez,
Delieuvin,
Delizioso Skin Care,
Delle Grazie,
DeLounge,
Delphi Perfumery Co.,
Delta Goodrem,
Deltah Perfumes,
Delyna,
Demeter Fragrance Library / The Library Of Fragrance,
Demuth,
Denim,
Denise Richards,
Denisonde,
Dennis Basso,
Deon Parfums,
Der Derbe Shop,
Der dufte Engel / Raphael,
Der Duftflacon,
Derek,
Derek Lam,
Dermacol,
Dermika,
Deroc,
Dersan,
Desiderata,
Designer Fragrances,
Designer Parfums,
Designer S*****,
Desigual,
Detaille,
Detroit Grooming Co.,
Deutschland sucht den Superstar,
Deviline,
DeVobis,
Devota & Lomba,
DFG 1924,
di palomo,
Di Ser,
Diadora,
Diamond Parfums,
Diamyne,
Diana,
Diana de Silva,
Diana Drummond,
Diana Langes,
Diana Vreeland,
Diandra,
Diane Pernet,
Diane von Furstenberg,
Dianne Brill,
Didier Calvo,
Diego Dalla Palma,
Diesel,
Dieter Bohlen,
Diggers Garden / The Digger's Garden,
Dikson,
Dilis,
Dimand,
Dimensione Danza,
Dino Erre,
Dino Sadino,
Dion Cosmetica / Dion Cosmetics / Dion Antwerp,
Dionne Warwick,
Dior,
Diparco,
Diptyque,
Disney,
Dita von Teese,
Divine,
Divona,
Djamila,
Djibril Cisse,
DKNY,
DL & Co,
DMAX,
DMS Brands & Trade GmbH,
DMXGEAR,
Dobb's,
doBrasil,
Docteur Renaud,
Dog Generation,
Dolce,
Dolce & Gabbana,
Dolma,
Dolomiti,
Dom-Apotheke,
Domenico Caraceni,
Dominique Arnaud,
Don CeSar,
Donald Trump,
Donald-Richard Co.,
Donatella Pecci-Blunt,
Dorall Collection,
Doret,
Dorilly,
Dorin,
Doris,
Dorissima,
Dorothy Gray,
Dorothy Perkins,
Dorst,
Dosis Fragrances,
Dossage,
DoubleYou,
Douces Angevines,
Douglas,
Downton Abbey,
Doyen,
Dr Beta,
Dr. Albert Bernard Nachf.,
Dr. Court,
Dr. Denese,
Dr. Eicken,
Dr. G. Werner,
Dr. Gonser & Burger,
Dr. Grandel,
Dr. Hauschka,
Dr. J. B. Lynas & Son,
Dr. J. G. Popp,
Dr. Koch,
Dr. Pierre Ricaud,
Dr. Pratt's,
Dr. R. A. Eckstein / Linde Eckstein KG,
Dr. Selby,
Dr. Spiller,
Dr. Sutter,
Dr. Taffi,
Dr. Virgil Mayer,
Dr. Vranjes Firenze,
Dr. Wiskott,
Dragonfly blue,
Dralle,
Dramatic Parfums,
Draper/Holm,
Dream Collection,
Drecoll,
Dreiturm,
Dressin,
Drialys / Drialis,
Drift,
Droguerie Gunesch,
Droguerie zum schwarzen Hund,
DSH Perfumes,
Du Bois / Fragrance Du Bois,
Du Bois / Paul Du Bois / Dubois,
Dua Fragrances,
Dubarry et Cie.,
Dubarry Fils,
DuBarry Inc.,
DuCair Bioessence,
Ducati,
Ducha,
Duchess d'Andre,
Duchess of Paris,
Duerr's,
Dueto Parfums,
Dukes of Pall Mall,
Dulceida,
Dulgon,
Dune,
Dunhill,
Dunlop,
Dupetit,
Durance en Provence,
Durer,
Duru,
Dusita,
Duswald,
Duvelle,
Duvinne,
DW Handelsmarken GmbH,
Dynasty of Monaco,
Dzintars,
E. Coudray,
E. Marinella,
E. W. Hoyt & Co.,
E/4 by DorLata,
E99-EsAns,
Eadward Fragrances,
Eagle,
Earth Mother Soul Sister,
Earth Tu Face,
Earthsavers,
Earthwise Naturals,
Eastman Royal Perfumes / Andrew Jergens,
EastWest Bottlers,
Eau d'Italie,
Eau de Couvent,
Eau de Nous,
Eau Jeune,
Eauk,
Ebba,
Ebullience,
Ecco Bella,
Eclectic Collections,
Ed Hardy,
Eddie Barclay,
Eddie Bauer,
Eddy Ford,
Edelstein,
Eden Botanicals,
Eden Classics,
Eden Park,
Edigadget,
EdS Parfums,
Eduard Fornells,
Edward Bess,
Edward Cook & Co.,
Efva Attling,
Egbi,
Ego Facto,
Egon von Furstenberg,
Eight & Bob,
Eight Miracles,
Ein Gedi,
Eisenberg & Sons,
Ekaterina Alexandrovna Gordeeva,
Ekoz,
El Charro,
El Ganso,
El Nabil,
El Sapone,
Elan,
Elanzia Merveille,
Elasco,
Elden Fragrances,
Electimuss,
Elegance Paris,
Elegantes,
Elem,
Elemis,
Elephant & Tower,
Elianto,
Elida / Elida Gibbs / FSP,
Elie Saab,
Elina Fantane / Eliflor,
Elio Berhanyer,
Elisa di Rivombrosa,
Elisabeth Hartley / Elizabeth Hartley,
Elisire,
Elite Model,
Eliz,
Elizabeth and James,
Elizabeth Arden,
Elizabeth Grant,
Elizabeth Post,
Elizabeth Taylor,
elizabethW,
Elke Sommer,
Ella by Elinros Lindal,
Ella Mikao,
ELLE,
Ellen Betrix,
Ellen Tracy,
Ellie Perfume,
Elliot Bros.,
Ellis,
Ellocar,
Ellyn Deleith,
Elmo Inc.,
Elode,
Elsa Schiaparelli,
Elsha,
Elternhaus,
Elu,
Elvira,
Elvis Jesus,
Elvis Presley Enterprises,
Elysees Fashion,
Elysios,
Emanuel Ungaro,
Embryolisse,
emef,
Emeshel,
Emidio Tucci,
Emilio Nandini,
Emilio Pucci,
Eminence,
Emma S.,
Emmanuel Levain,
Emmanuel Schvili,
Emmegi,
Emossence,
Emper,
Empire,
En Voyage Perfumes,
Enaica,
Enchanteur,
Energie Fruit,
Engage,
Engelbert Strauss,
Engelsrufer,
English Blazer,
English Heritage,
English Laundry,
Enrico Coveri,
Enrico Ferrari,
Enrico Gi,
Enrico Uno,
Enrique Iglesias,
Ensar Oud / Oriscent,
Ensemble,
Entity,
Entre Filles,
Enzo Rossi,
Enzolie,
Eolie,
Eolie'RR,
Ephemera by Unsound,
Erad,
Erako,
Erasmic,
Erbaflor,
Erbario Toscano,
Erborian,
Eres,
Eric Buterbaugh Florals,
Eric Dorian / Parfums Dorian,
Erica Elizabeth Designs,
Erik Kormann,
Eris,
Erizma / Parfumerie Erizma,
Erlithe,
Ermenegildo Zegna,
Erno Laszlo,
Ernst Colditz / Parfumerie Mia Vera,
Erol Wind,
Eroski,
Eroy,
Erreuno,
Erykah Monique & Co.,
ES Collection,
Esan,
Escada,
Escentric Molecules,
Escents,
eSENSielle,
Esika,
ESO Import,
Esotiq,
Espacio Aroma,
Espe,
Esperienze Olfattive,
Esprit,
Esprit de Versailles,
Esscentual Alchemy,
essence,
Essence of Beauty,
Essence of Chi,
Essence of Hope,
Essence of Jerusalem,
Essence of Vali,
Essential Apothecary Alchemist,
Essential Faith,
Essential Garden,
Essential Prods. Co.,
Essentially Me,
Essenza di Pisa,
Essenza di Wills,
Essenzialmente Laura,
Essy,
Esteban,
Estelle Ewen,
Estevia,
Esther P,
Estiara,
Etam,
Etat Libre d'Orange,
Eternal Love,
Eternal Scents,
Eternel Gentleman,
Etnia,
Etoile,
Etoile Atelier,
Etos,
Etre Au Parfum,
Etro,
Ettaler Klosterprodukte,
Etude House,
Eudora,
EuPhidra,
Euphorium Brooklyn,
Eurocologne Parfums,
Europer,
Eutopie,
Eva Longoria,
Evaflor,
Evalution,
Eve Nelson,
Evelyn Naon,
Evelyne Graf,
Everlast,
Evidens de Parfum,
Evocative Perfumes,
Evodia,
Evody,
Evoke - The Elements Within,
Evora,
Evyan,
Ex Animo,
Ex Floribus Vinis,
Ex Idolo,
Ex Nihilo,
Ex Voto,
Excelsis,
Exceptional,
Executive Parfums,
Exemplaire,
Exenthia Mediterranea,
Expand,
Expedition,
Express,
Exquisit Berlin / VEB Exquisit,
Extase,
Extrait d'Atelier,
Eyeko,
Eyes of Xeno,
F. Brun & Barbier,
F. H. Faulding,
F. Millot,
F. Moreau et Fils,
F. Pauli,
Fa,
Fab.,
Faberlic,
Fabi,
Fabiani,
Fabindia,
Fabio Lo Coco,
Fabio Romano,
Fabled Fragrances,
Fabulon,
Face Stockholm,
Faith Hill,
Falcon Cosmetic GmbH,
Falconeri,
Falerne,
Fancy,
Fanette,
Fanny Liautard,
Fantastic Company,
Fantasy,
Farfalla,
Fargginay,
Farina - Dom zu Mailand,
Farina Milano,
Farmacia SS. Annunziata,
Farmasi,
Farmhouse Fresh,
Fashion Fair Cosmetics,
Fashion Two Twenty,
Fatface,
Fausto Sarli,
Fauzian's,
Favorit05,
FC Barcelona,
FDI Productions,
Federico Griffi,
Feduro,
Feic,
Feigl & Comp.,
Femia,
Femme No. 5,
Fendi,
Fenjal,
Ferdinand Braukmann / Ferd. Braukmann & Co.,
Ferdinand Fritsch,
Fernand Aubry,
Fernanda Brandao,
Fernanda.,
Fernando Pensato,
Ferrari,
Ferrovie Nord Milano Esercizio Spa,
Fidelio,
Fiele Fragrances,
Fifi Chachnil,
Fig+Yarrow,
FiiLiT,
Fikkerts,
Fila,
Filigree,
Filles des Iles,
Fine Perfumery,
Finn & Co.,
Fior di Pelle,
Fiorelli,
Fioret,
Fiorucci,
Fire & Fight,
Firebird,
Firetrap,
Firmenich,
First Club Parfums,
Fish,
Fishbone,
Fissure,
FITNE Gesundheit und Wellness GmbH,
Fitocose,
Fitzgerald & Guislain,
Fitzherbert & Prince,
Fiume,
Five Star Fragrance,
FL Parfums,
Flacon & Co.,
Flaires,
Flamboyant,
Flame of Hope,
Fleming Bros.,
Fleur,
Fleur de Lis,
Fleur de Paris,
Fleurage Perfume Atelier,
Fleurance Nature,
Fleurmedal,
Fleurs de Maquis,
Flidais Parfumerie,
Flirt!,
Flor d'Ametler,
Flor de Mayo,
Flora Fragrances,
Flora Mare,
Floralia,
Floralis,
Florame,
Florascent,
Florel,
Florena,
Florencia,
Florentino,
Florenzi Collection,
Florescent,
Florestan,
Flori Roberts,
Flori-Bel,
Florian,
Floriani,
Florina,
Floris,
Flormar / Flor-Mar,
Florogen,
FlosLek Laboratorium,
Flower Beauty by Drew Barrymore,
Flower Shower,
Flumen,
FM by Federico Mahora,
Foamous,
Fochtenberger,
Fogg,
Folli Follie,
Fong Leng,
Fontanella,
Fontanis / Madhva,
Foote & Jenks,
For Goodness Grape,
For Strange Women,
Fora / Parfumerie Fora,
Forager,
Ford Mustang,
Forest,
Forest Essentials,
Forever 21,
Forever Florals Hawaii,
Forever Living Products ,
Forlane,
Fortnum & Mason,
Fortuna,
Fortune Duck,
Forum,
Fossil,
Fouquet's,
Foxwood Perfumes,
Fragonard,
Fragrance of the Bahamas,
Fragrance Sport,
Fragrances of Ireland,
Fragrances of Wine,
Fragrancy,
Fragrantia Secrets,
Fragrifert,
Frais Monde / Brambles and Moor,
Frama,
Framesi,
Franca Ferretti,
France Darmonval,
France Riviera Parfums,
Frances Denney,
Frances Rothschild,
Francesca Bianchi,
Francesca Dell'Oro,
Francesca's,
Francesco Smalto,
Francesco Vitelli,
Francis Montesinos,
Franck Boclet,
Franck Fann,
Franck Namani,
Franck Olivier,
Franco Zarri Profumerie,
Frank Govers,
Frank Los Angeles,
Franka M. Berger,
Frans Molenaar,
Franval,
Frapin,
Frau Elisabeth Frucht / Frucht Hannover,
Frau Holle,
Frau Tonis Parfum,
Fraver,
Frazer Parfum,
Fred Hayman,
Fred Mello,
Fred Segal,
Frederic Creations,
Frederic Fekkai,
Frederic M,
Frederick Stearns & Co.,
Frederick's of Hollywood,
Freeman,
French Connection / FCUK,
French Girl Organics,
French Impression,
French's / French, Cave & Co.
Fresh,
Fresh Line,
Fresh Scents by Terri,
Fresh Up,
Frey Wille,
Fridge by yDe,
Friedemodin,
Friedrich,
Friendly Fur,
Friendly Hunting,
Friends Reunited,
Frilly Lilly,
Fruit of the Loom,
Fruits & Passion,
Fruttini,
Frylis,
FTI,
FUBU,
Fueguia 1833,
Full Metal Helmet,
Fulton & Roark,
FUMparFUM,
Funel,
Funny Perfumes International,
Furst-McNess,
Future,
Fwieha Fragranza Ta' Malta,
Fyor,
G Parfums,
G. Lemoine,
G.P.S. Gem Perfumes,
G.W.T.W.F. Inc.,
Ga-De,
Gabilla / Les Parfumeries de Gabilla,
Gabriel et Valentin,
Gabriela Sabatini,
Gabriele Iazzetta,
Gabriella Carlucci,
Gabriella Chieffo,
Gaby Mono,
Gaetan,
Gaglewski Grasse,
Gah! FreeToBeYou,
Gai Mattiolo,
Gainsboro / Gainsborough,
Gala of London,
Galanos / James Galanos,
Gale Hayman,
Galerie des Sens,
Galerie Vevais,
Galimard,
Galitzine,
Gallagher Fragrances,
Gallery Cosmetics,
Gallivant,
Gamine,
Gammon,
Ganache Parfums,
Gandh Sugandh,
Gandini,
Ganna Walska,
Gant,
GAP,
Garance,
Garancia,
GardAqua&Co.;,
Garden of Eden,
Garou,
Garwood's Standard Perfumes,
Gary Farn Ltd. / Horizon Beauty,
Gas,
Gasulla,
Gattinoni,
Gavroche,
Gay Parfums / Parfums Gay,
Gayral,
Gazzaz,
GD / G'Dragon,
GDK / Grey de Kouroun,
Geir Ness,
Gem-Collection,
Gemey,
Gendarme,
Gene Hiller,
General Cosmetics,
Geness,
Genesse Parfums,
Genina B.,
Genny,
Gentlehead,
Gentlemen Selection by Georg Stiels,
Gentlemen's Tonic,
GentleX,
Geo. F. Trumper,
Geoffrey Beene,
Georg Jensen,
George & Edi,
George Baring,
George Gina & Lucy,
George H. Fuller Co.,
George Kordahi,
George Takei,
George W. Button / Bouton,
Georges Mezotti,
Georges Rech,
Georges Stahl,
Geparlys,
Geraldine Genin,
Gerani,
Gerard,
Geren Ford,
Gerly,
Germaine de Capuccini,
Germaine Lecomte,
Germaine Monteil,
Germauld,
Gerry Weber,
Ghawali,
Gherardini,
Ghost,
Ghost Nose,
Ghyska / Ghysra,
Gi. Vi. Emme / Visconti di Modrone,
Gian Marco Venturi,
Gianluca Bulega,
Gianni Campagna,
Gianni Gasperi,
Gianni Venturi,
Giardini d'Italia,
Giardino Benessere,
Giardino dei Sensi,
Giesso,
Giftique,
Gihane,
Gilbert,
Gilbert Basson,
Gilbert Orcel,
Gilles Cantuel,
Gilles de France,
Gillette,
Gilly Hicks,
Gilot,
Gilvo,
Gimilio,
Gin Tonic,
Gina Liano,
Ginestet,
Gino Bogani,
Giorgio Armani,
Giorgio Beverly Hills,
Giorgio Michel,
Giorgio Monti,
Giorgio Valenti,
Giovanna Antonelli,
Girard,
Gisada,
Gisela Muth,
Gisela P.,
Giulia Nahmany,
Giulietta Capuleti,
Giulietta Romeo,
Givaudan,
Givenchy,
Givescent,
GKnight,
Glacier,
Gladjakkers,
Glamarome,
Glamfume,
Glamour & Heels,
Glee,
Glendora,
Glenn Perri,
Globe,
Gloria Campbell,
Gloria Ortiz,
Gloria Vanderbilt,
Gloxpen,
Gocce di Byron,
Godesan,
Godet,
Goebel,
Goest,
Goetting & Co.,
Gola,
Golbary,
Golddigga,
Golden Earth,
Goldfield & Banks,
Goldrand,
Goldwell,
Golfino,
Gondo Wangi,
Good Medicine Beauty Lab,
Good Olfactory / Nerd,
GoodTrueBeautiful,
Goop,
Gordon,
Gordon Gordon,
Gosh Cosmetics,
Gothmetic,
Goti Essenze,
Goubaud,
Gourielli,
Goutal / Annick Goutal,
Goya,
Grace Cole,
Gracilis,
Grafton Products Corp.,
Graham Webb,
Graine de Pastel,
Granado,
Grande Parfumerie de Nice / Garnier-Carles,
Grandiflora,
Granhand,
Grasse au Parfum,
Grasse Roots Perfumery,
Grassroots Research Labs,
Gravel,
Great American Scents,
Green Energy Organics,
Green Love,
Greendoor,
Greenland,
Greeting,
Gregory de Valdes,
Grenoville,
Greta Mastroianni,
Grey Matter,
Gri Gri,
Griet,
Grimoire,
Grisi,
Gritti / Dr. Gritti,
Grossmith,
Gruhme,
Guarnera / Franco Guarnera,
Guayapi Tropical,
Gucci,
Gueldy,
Guerlain,
Guermantes Parfums,
Guess,
Guidas,
Guillermina Valdez,
Guitry,
Guli,
Gump's,
Gunther Petersen,
Guru,
Guru Perfumes,
Gustav Boehm,
Gustav Klimt Parfums,
Gustav Salinas,
Gustave Eiffel,
Gutenberg Parfums,
Guts & Glory,
Gutteridge,
Guy Bouchara,
Guy Delforge,
Guy Laroche,
Guyla,
Guylond,
Gwen Stefani / Harajuku Lovers,
Gwendolyn-Mary,
Gydja Collection,
H&M;,
H. E. Yeasel,
H. Fishlove & Co.,
H. Hagener GmbH / CHH Cosmetic,
H. Kielhauser,
H. Labern & Son,
H. Roberts & Co.,
H.I.S Jeans,
Habibi,
Hackett,
Hadarah,
Haeckels,
Hakawerk / Haka Kunz GmbH,
Hala Perfumes,
Hale Bob,
Halle Berry,
Halloween,
Halston,
Hamidi Oud & Perfumes,
Hamil al Musk,
Hammam Basar,
Hammam el Hana,
Hampton Sun,
Hanae Mori,
Handsome,
Hang Ten,
Hanky Panky,
Hans Ubbink,
Hanson-Jenks,
Happ & Stahns,
Hard Candy,
Hardy Amies,
Harley-Davidson,
Harmelle,
Harmington,
Harmony of Boston,
Harnn,
Harold Clarke,
Harrods,
Harry Ivens,
Harvey Prince,
Hassan Bin Hassan,
Hatt,
Hatta Dolmat,
Hattie Carnegie,
Haught Parfums / Haught Spreengs,
Haugron Cientifical,
Haus of Gloi,
Haute Fragrance Company,
Havenessence,
Hawaiian Classic Perfumes,
Hawaiian Surf Industries,
Hayari,
Hayden,
Hazel Bishop,
Head,
Heathcote & Ivory,
Heaven's Alchemy,
Hed Kandi,
Hedonista,
Hedy Lamarr,
Heeley,
Heerhugowaard,
Hei Poa,
Heidi Bergner Parfummanufaktur,
Heidi Klum,
Heiliger Duft,
Heineken,
Heino,
Heinz Oestergaard,
Helan,
Helen Liebert,
Helen Ritt,
Helena Rubinstein,
Helena Vera,
Helene Curtis,
Helene Fischer,
Helga,
Helietta Caracciolo,
Hello Kitty / Sanrio,
Helmut Lang,
Help for Heroes,
Hema,
Hendley Perfumes,
Hennessy,
Henri Bendel,
Henrik Vibskov,
Henry Cotton's,
Henry Dunay,
Henry Jacques,
Henry M. Betrix,
Henry Poole,
Henry Rosenfeld,
Henry Tetlow Co.,
Hera,
Herb Alpert,
Herb Farm Shop,
Herbal Alchemy / Alchemologie,
Herbalife,
Herban Cowboy,
Hercules Perfume,
Heretic Parfums,
Herman Tappan,
Hermann Basler,
Herr von Eden,
Herra Hair Care,
Hershee Izell,
Hertz Perfumes,
Herzblatt,
Hesperia - Jean Menounos,
Hevea,
Hevendi,
Hewson's,
Hexarom,
Heymountain Cosmetics,
Hi Wildflower Botanica,
Hi-Hat Company,
Hidden Acres Soap Co.,
Hiddenfolk,
Hierbas de Ibiza,
Hierbas de Mallorca,
High Society,
Highland Lilac of Rochester,
Hilary Duff,
Hilde Soliani Profumi,
Hildegard Braukmann,
HIM,
Hind Al Oud,
Hiram Green,
Hiroko Koshino,
Histoires d'Eaux,
Histoires de Parfums,
Historiae,
Historic Royal Palaces,
Holiday Magic,
Holika Holika,
Holistic Body Therapy,
Hollister,
HollyBeth Organics,
Hollyoaks,
Hollywood Milano,
Holman,
Holzman & Stephanie,
Homoelegans,
Honey Gold,
Honeybee Gardens,
Honeybloom Perfume,
Hoops,
Hope Diamond Collection,
Horchow,
Horizon de France,
Horseball,
Horst Fascher,
Hot Topic,
Hot Wheels,
Hotel Chocolat.,
Hotel Indigo,
Hotel Palace Berlin,
Houbigant,
House of Cherry Bomb,
House of Gozdawa,
House of Hampton,
House of Manhattan,
House of Marcell,
House of Matriarch,
House of Orpheus,
House of Shibui,
House of Sillage,
House of Stuart,
House of Thara,
House of Westmore,
How to Grow a Moustache,
HRH Princess Elizabeth,
HSH Prince Nicolo Boncompagni Ludovisi,
HSV / Hamburger Sport-Verein,
Hubert de Montandon,
hueg.li,
Hugh Parsons,
Hugo Boss,
Hugo Knopp,
Hugo Naturals,
Hugues de Castry,
Hujarvis,
Huko,
Hummel,
Hummer,
Hunca,
Huntley,
Hussain Anfar,
Huygens,
I & P Cosmetic,
I am Danica Aromatics,
I Am Sicily,
I Coloniali,
I Profumi del Marmo,
I Profumi di d'Annunzio,
I Profumi di Firenze,
I Santi,
I Smell Great,
I'm Fabulous,
I. Magnin & Co.,
IBA Halal Care,
Ibiza Parfums by Cathy Guetta,
IBSA,
Iceberg,
ICF, Inc.
Ich bin's,
ICK Amsterdam,
ICONOfly,
Ida Delam,
Ideo Parfumeurs,
IFF,
Ikebana-Kosmetik,
IKKS,
Il Chinotto Nella Rete,
Il Nero,
Il Profvmo,
Ilari,
Illamasqua,
Illume,
Illuminum,
Illuster / Parfums Charles Illuster,
Ilmin,
Ilum Dean,
Imaginary Authors,
Iman Cosmetics,
ime,
Imiza,
Imperial,
Imperial Coventry,
Imperial Crown Perfumery,
Imperio Lusso,
Impero,
Impero Parfums,
Import,
Impression Giverny,
Impressions,
Impulse,
In Fiore,
INCC Parfums,
Incense Craft,
Incensum Fragrances,
Indah,
India Hicks,
Indices,
Indigo,
Indigo Wild,
Indult,
Industria,
Industria Argentina,
Ineke,
Ines Lechleitner,
Inessance,
Infinitif,
Infusion Organique,
Ingasetter,
Ingleside Inn,
Inglot,
Ingrid Starnes,
Initio,
Innisfree,
Innoxa,
Inspiritu,
Institut Arnaud,
Institut Esthederm,
Intelligent Nutrients,
Intercosma West,
Intesa,
Intimacy,
Intimissimi,
Inubi,
Invision,
Ipsa,
Iranzo,
Ireba,
Irfan International,
Iris von Arnim,
Isaac Mizrahi,
Isabel Canovas,
Isabel Raposo,
Isabela Capeto,
Isabell,
Isabell Kristensen,
Isabella Garcia,
Isabella Rossellini,
Isabelle Ariana Parfums,
Isabelle Burdel Parfums,
Isabelle Lancray,
Isabelle T,
Isabey,
IsaDora Cosmetics,
Isadora Paris,
Isana,
Ischia,
Isola,
Isole Mediterranee,
Isotta Fraschini,
Issey Miyake,
Isula,
Isun,
Ital Veloce,
Italart,
Itinerari Olfattivi,
IUNX,
Ivana Helsinki,
Ivana Trump,
Ivanka Trump,
Ivel,
IVR Swiss Group,
IXXI,
Izmerina / Parfumerie Izmerina,
Izod,
J & A,
J. A. Marceau,
J. Casanova,
J. Chamberry,
J. d'Arjental,
J. Daver,
J. E. Schum GmbH,
J. E. T. Pharmacal Co.,
J. Fragrances / Junaid Jamshed,
J. Grolich,
J. Gutmann / Joseph Gutmann,
J. Lamotte,
J. Lesquendieu / Lesquendieu,
J. Lindeberg,
J. Peterman,
J. R. Watkins,
J. S. Bach,
J.B. Filz,
J.F. Schwarzlose Berlin,
J.Hannah Co.,
J.Pelletier,
Jabrane & Fenaoui,
Jacadi,
Jack Black,
Jack Perfume by Richard E. Grant,
Jack Wills,
Jackpot,
Jacob,
Jacoglu,
Jacomo,
Jacqueline Cochran,
Jacqueline Kaufmann,
Jacques Battini,
Jacques Bloumels,
Jacques Bogart,
Jacques d'Auvillers,
Jacques Esterel,
Jacques Evard,
Jacques Fath,
Jacques Grenel / Parfums Grenel,
Jacques Griffe,
Jacques Horace,
Jacques LeBlanc,
Jacques Monet,
Jacques Philippe,
Jacques Seven,
Jacques Zolty,
Jacqui & David,
Jacsaf,
Jade,
Jade Goody,
JADS International,
Jaeger,
Jafra,
Jaguar,
Jalaine Fragrances,
Jalique,
Jalle,
Jamal,
James Bond 007,
James Dean Perfumery Hollywood,
James S. Kirk & Co.,
James&Co;,
Jammie Nicholas,
Jamy,
Jane Booke,
Jane Hading,
Jane Iredale,
Jane Packer,
Jane Seymour,
Janet Reger,
Jannot,
Janssen Cosmetics,
January Scent Project,
Jaqua,
Jar Parfums,
Jardin de France,
Jardin Majorelle,
Jartiere Rouge Ltd.,
Jarvaise,
Jason Shankey,
Jason Wu,
Jasper Conran,
Javico,
Jay Z,
Jaytho / Jay Thorpe,
Je Parfums,
Je-En,
Jean Airoldi,
Jean Baptiste Caumont,
Jean Barthet,
Jean Bouvaist,
Jean Couturier,
Jean d'Arcel,
Jean Daumont,
Jean de Keradec,
Jean de Parys,
Jean Desprez,
Jean Eymond,
Jean Guinamand,
Jean Guy,
Jean La Salle,
Jean Laporte,
Jean Louis Vermeil,
Jean Loup Sieff,
Jean Luc Amsler,
Jean Marais,
Jean Marc,
Jean Mary Carletto,
Jean Patou,
Jean Paul Dupont,
Jean Paul Gaultier,
Jean Perrin,
Jean Picard,
Jean Reno,
Jean Savin,
Jean Teysseire,
Jean Weil,
Jean-Charles Brosseau,
Jean-Charles de Castelbajac,
Jean-Jacques Vivier,
Jean-Louis Scherrer,
Jean-Louis Trintignant,
Jean-Marc Maniatis,
Jean-Marc Sinan,
Jean-Michel Duriez,
Jean-Michelle,
Jean-Pascal,
Jean-Paul Giraud et Fils,
Jean-Paul Grand,
Jean-Pierre Borg,
Jean-Pierre Sand,
Jean-Wille,
Jeanette Biedermann,
Jeanne Arthes,
Jeanne en Provence,
Jehanne Rigaud,
Jeho / Jehn & Hoffmann,
Jelsah,
Jenna Jameson,
Jenni Farley,
Jenni Rivera,
Jennica,
Jennifer Aniston,
Jennifer Lopez,
Jenny Choo,
Jequiti,
Jeroboam,
Jerome,
Jerry Rothschild,
Jersey Lavender,
Jesse McCartney,
Jessica Mauboy,
Jessica McClintock,
Jessica Simpson,
Jessie Daniel,
Jesus del Pozo,
Jette Joop,
Jeunesse Cosmetics,
Jeurelle,
Jewel Tea Co.,
Jewels' Joy,
Jigsaw,
Jigsaw International,
Jil Sander,
Jill Stuart,
Jim Lyngvild,
Jimmy Boyd,
Jimmy Choo,
Jin Abe,
Jin Jin,
Jitrois,
Jivago,
JLS,
Jo Browne,
Jo Loves...,
Jo Malone,
Jo Wood Organics,
Joan Collins,
Joan Rivers,
Joan Vass,
Joane Lawrence,
JoAnne Bassett,
Jocelyn,
Jockeit / Kurt Jockeit,
Jodquellen AG / Jodquell,
Joe Bloggs,
Joey Essex,
Johan B.,
Johann Maria Farina & Co. Zum St. Pantaleon,
Johann Maria Farina Alter Markt N 54 GmbH & Co,
Johann Maria Farina Zur Madonna,
Johann Maria Farina zur Stadt Rom,
Johanna Straub,
John Bradshaw,
John Frederics / Mr. John,
John Galliano,
John Gosnell & Co,
John Logan,
John Masters Organics,
John Player Special,
John Richmond,
John Robert Powers,
John Russo,
John Sterling,
John Varvatos,
John Wanamaker,
John Weitz,
John Williams,
Johnny Hallyday,
Johnny Lambs,
Johnson Products,
Johnson's,
Joie,
Jolie Laide,
Joly,
Joncaire,
Jones New York,
Joop!,
Joots,
Jordache,
Jordan Shmulyck,
Jordi Cuesta,
Jordin Sparks,
Joseph,
Joseph Abboud,
Joseph Paquin,
Josephine Kell,
Josh Lee Fragrances,
Josh Rosebrook,
Josie Gibson,
Josie Maran,
Jouany,
Joubert et Cie,
Jouer,
Jourdain,
Jovanotti,
Jovoy,
Joya,
Joyce Turner,
JR Vendel,
JSO-Werk Regensburg,
Juara,
Judith,
Judith Leiber,
Judith Muller,
Judith Williams,
Jugendis / Parico,
Juicy Couture,
Juicy Jewel,
Jukona,
Jul et Mad,
Jules V. Riviere,
Julia & Romana,
Julian Jill / Parfums Jill,
Julian Rouas,
Juliana Paes,
Juliana Parfums Co.,
Julie Burk,
Juliet Stewart,
Juliette Crowe,
Juliette Has A Gun,
Julio Iglesias,
Julisis,
July of St. Barth,
Jun Ashida,
June Jacobs,
Jungle Magic,
Juniper Ridge,
Juozas Statkevicius,
Juper Barcelona,
Jurlique,
Jusbox,
Just Cosmetic,
Just Pure,
Justice Bodan,
Justin Bieber,
Juvena,
Juventus,
K.Hall Designs,
Kaatskill Meets NYC,
Kaffe Fassett,
Kafka International,
Kahina - Giving Beauty,
Kai by Gaye Straza,
Kajal,
Kaloo,
Kamp Silberhals / Alex Kamp,
Kanabeach,
Kanebo,
Kangol,
Kannabis,
Kao,
Kappa,
Kappus,
Kara,
Karen Low,
Karen Walker,
Karine d'Azur,
Karma / Karma Kosmetik,
Karmameju,
Karoff Creations / Stuart Co.,
Karstadt,
Kartopu,
Kat Burki,
Kat Von D,
Kate Moss,
Kate Spade,
Kate Walsh,
Kathryn Inc.,
Kathryn Palmer,
Kathy Hilton,
Katie Price,
Katja Krasavice,
Katy Perry,
Kauffeld & Jahn,
Kawala & Surma,
Kay Daumit,
Kayser-Roth,
Kazura,
Keep Lucky,
KeepMe Cosmetics,
Keiko Mecheri,
Keith Urban,
Kelly & Jones,
Kelly Brook,
Kelsey Berwin,
Kemi / Al Kimiya,
Kempinski,
Ken Scott,
Kenneth Cole,
Kensie,
Kent of London,
Kenzo,
Kerkoff,
Kerosene,
Kerry Katona,
Kerson,
Kesling,
Kesma,
Kevingston,
Key West Aloe,
Khadlaj,
Khalis,
Khaltat,
Khasana / Dr. M. Albersheim,
Khayali,
Kibio,
Kidmetics,
KidSpace,
Kiehl's,
Kienzl & Molinari,
Kiera Mai,
Kiki Smith,
KIKO,
Kilian,
Killer Loop,
Kim Gloss,
Kim Kardashian,
Kimberly New York,
Kimberly Wyatt,
Kimora Lee Simmons,
Kindus,
King's Palace Perfumery,
Kings & Queens,
Kings Men,
Kingsbury Fragrances,
Kinski Fragrance,
Kiotis,
Kira Plastinina,
Kiri Te Kanawa,
Kis,
Kislav,
Kiss & Tell,
Kiss Cosmetics,
Kiss my Sass Cosmetics,
Kiton,
Kitson,
Klapp / GK Cosmetics,
Klar Seifen,
Klorane,
Klosterfrau,
Kmart,
Knapp Extract Co.,
Knauf,
Knight International,
Knize,
Kodansha,
Kofler Padova,
Koivo,
Kokeshi,
Kolmaz,
Korff,
Korloff,
Korres,
Kosiuko,
Kosmata,
Koto Parfums,
Koutisse,
Kraft,
Kreisverband der LandFrauen Holzminden,
Kreolfleurage,
Krigler,
Kripa,
Kristel Saint Martin,
Kristiansand New York,
Krizia,
Kulpol,
Kusado,
Kush,
Kuumba Made,
Kylie Minogue,
Kyse Perfumes / Perfumes by Terri,
Kytta,
L'Acqua di Fiori,
L'air D'or,
L'Amande,
L'Antichambre,
L'Arc,
L'Argene,
L'Aromatica,
L'Artisan Parfumeur,
L'Atelier des Bois de Grasse,
L'Avvocato,
L'Bel,
L'Eau de Cassis,
L'Ecole du Parfum,
L'Erbolario,
L'Essence de Mastenbroek,
L'Essence des Notes,
L'Essentiel de Lavande,
L'Occitane en Provence,
L'Oeil du Vert,
L'Orientaliste,
L'Oripah's,
L. Clavel,
L. da Vinci,
L. Giraud,
L.A. Schmitt / Schmitt Kosmetik,
L.T. Piver,
La Barbera Profumi,
La Bastide des Senteurs,
La Bella Figura,
La Botica de los Perfumes,
La Collina Toscana,
La Compagnie Marseillaise,
La Crisalide,
La Cristallerie des Parfums,
La Curie,
LA Dodgers,
La Ducale,
La Fleur by Livvy,
La Fontaine Kosmetikvertriebs GmbH,
La Grisi,
La Langerie,
La Maison de la Vanille,
La Maison du Savons de Marseille,
La Mania,
La Manufacture,
La Martina,
La Mer,
La Parfumerie Moderne,
La Pasionaria,
La Perla,
La Perle,
La Phini,
La Prairie,
La Ric,
La Rive,
La Senza,
La Sucrerie de la Montagne,
La Sultane de Saba,
La Toja,
La Valliere,
La Via del Profumo,
La Vie En C,
La Vivana,
label.m,
Labiotte,
Laboratoire des Sources,
Laboratoires Cadentia,
Laboratoires Phytosolba,
Laboratorio Olfattivo,
Laboratory Perfumes,
Lac et Mel,
Lacoste,
Lady,
Lady Esther,
Lady Gaga,
Lady Primrose,
Laetitia Parfums,
Lagerfeld,
Laggridore,
Laise Adzer,
LAK,
Lake & Skye,
Lakeland Fragrances,
Lakshmi,
Laline,
Lalique,
Lamballe,
Lambre,
Lambretta,
Lamis Atef,
Lancaster,
Lancel,
Lancetti,
Lander,
Lane Bryant,
Lang Lang,
Langeais,
Langlois / United Drug Co. / Cara Nome,
Lanier,
Lanman & Kemp-Barclay,
Lanselle,
Lanson Berlin / Lanson Frankfurt,
Lanvin,
Laor,
Larkin,
Laroona Perfumery Co.,
Larry Mahan,
Lasa Aromatics,
Late Chocolate,
Lattafa,
Laundry by Shelli Segal,
Laura Ashley,
Laura Baci,
Laura Biagiotti,
Laura Kent,
Laura Lorenzo,
Laura Marano,
Laura Mars,
Laura Mercier,
Laurelle,
Laurence Dumont,
Laurensix,
Laurent de Brunhoff,
Laurent Dornel,
Lavanda del Lago,
Lavanila Laboratories,
Lavelle,
Lavera Naturkosmetik,
LaVolta,
Lawrence McMurtry,
Layer'r,
Layla,
Layrite,
Lazell, Dalley & Co
LBF / Leading Beauty Farms,
LC Cosmetic / Lotos Cosmetic Berlin,
Le Bel Aujourd'hui,
Le Blanc,
Le Buan,
Le Cercle des Parfumeurs Createurs / Fragrance Republic,
Le Chatelard 1802,
Le Cherche Midi,
Le Clairac,
Le Couvent des Minimes,
Le Cult 1944,
Le Galion,
Le Jardin,
Le Jardin des Roses,
Le Labo,
Le Maire Cosmetic Co.,
Le Monde en Parfum / Jean Vittori,
Le Parfumeur / 4Ever Young GmbH,
Le Petit Prince,
Le Prince Jardinier,
Le Roi Salomon,
Le Sager,
Leaders,
Leander,
Lebon / Parfums Lebon,
Lee,
Lee Cooper Originals,
Lee Stafford,
Lee Towers,
Leeming Division Pfizer,
Legacy,
Legendary Fragrances,
Legends and Love,
Legrain,
LEH,
Leichner,
Leigh,
Leighton Denny,
Leilani Bishop,
Lempertz,
Lena Hoschek,
Lenaud,
Lenel,
Lengling,
Lengyel,
Lenny Niemeyer,
LeoCerno,
Leon & Harper,
Leon Maugenet,
Leonardo Di Gustave / Di Gustave,
Leonid de Lescinskis,
Leoniero Galleani,
Lernert & Sander,
Les Arts,
Les Bains du Marais,
Les Bains Guerbois,
Les beaux arts,
Les Cakes de Bertrand,
Les Cocottes de Paris,
Les Contes,
Les Copains,
Les Eaux Primordiales,
Les Ecuadors,
Les Etains du Prince,
Les Fioretti,
Les Fleurs de Bach,
Les Floralies,
Les Gens du Sud,
Les Lares,
Les Liquides Imaginaires,
Les Parfums d'Arflor,
Les Parfums de Grasse / Parfum de Grasse,
Les Parfums de Rosine,
Les Parfums Lauriane de Paris,
Les Parfums Odeon / Odeon,
Les Parfums Suspendus,
Les Parfums Tour Eiffel,
Les Petits Plaisirs,
Les Sens de Marrakech,
Les Senteurs Gourmandes,
Lescol Perfumery,
Leslie Blodgett,
LesNez,
Lesourd-Pivert,
Lexington,
Leykarar,
Liaison de Parfum,
Liana of Waikiki,
Liatris,
Libertine Fragrance,
Liberty & Co,
Liberty Cosmetics,
Library of Flowers,
Lichfield,
Lidl,
Lido,
Lierac,
LIF Paris / Parfums LIF / FLEURLIF,
Lifetherapy by Lynette Lovelace,
Lightner,
Lightyears,
Ligne St Barth,
Lilfox,
Lili Bermuda,
Lilian Barony,
Lillie Rubin,
Lillotte / Parfumerie Lillotte / Otto Blau,
Lilly Pulitzer,
Lily Farouche,
Lily Lambert,
Lily Rose,
Limara,
Limbic Fragrances,
Lina B. de Gahan,
Lina Cavalieri,
Lina Hanson,
Linari,
Lindenberg Cosmetics,
Lindo Ganarin,
Linetti,
Linga Sharira,
Lingner,
Linn Young,
Linnea Perfumes, Inc.
Lion,
Lionceau,
Lioret,
Lip-Ink,
Lipsy,
Liquid Money,
Lisa,
Lisa & Sara,
Lisa Hoffman Beauty,
Lisa Riley,
Lise London,
Lise Watier,
Lissa Liggett,
Lite + Cycle,
Litoralle Aromatica,
Litrico / Angelo Litrico,
Little Marcel,
Little Mistress,
Little Mix,
LittleMissMatched,
LIV GRN,
Live Beautifully,
Livicos,
Livioon,
Liz Earle,
Liz Paris,
Lizzy Lane Farm,
Llewelyn,
Llongueras,
Lloyd A. Cooper Cosmetics,
LM Parfums,
Lobogal,
Locherber,
Lodelyane,
Loeb,
Loepsie,
Loewe,
Loft Design by...,
Loft Monaco,
Logona,
Logos,
Lohse / Gustav Lohse,
Lois,
Lokum Istanbul,
Lola Beer,
Lola James Harper,
Lola Paltinger,
Lola Prusac,
Lolita Lempicka,
Lollia,
Lomani,
Lombagine,
Long Lost Perfume / Irma Shorell,
Long Winter Soap Co.,
Longhairlovers,
Longwood Gardens,
Lonkoom,
Lopar,
Lord Brummell,
Lord Cosmetic,
Lord's Jester,
Loree Rodkin,
Lorenay,
Lorenzaccio,
Lorenzo de' Medici,
Lorenzo Ferranti,
Lorenzo Siena,
Lorenzo Villoresi,
Lorenzy-Palanca,
Loreste,
Lorette,
Loriblu,
Lorrain,
Lorriaux,
Los Feliz Botanicals,
Lostmarc'h,
Lothantique,
Lotto,
Lotus Valley,
Lotus Wei,
Louis Armand,
Louis Bernard,
Louis Blanc,
Louis Cardin,
Louis d'Or,
Louis Fontaine,
Louis Philippe Monaco,
Louis Varel,
Louis Vuitton,
Louis Widmer,
Louise de Maurillac,
Louise Kennedy,
Louise Peszynska,
Loulette,
Lournay,
Lovage,
Lovance,
Love & Toast by Margot Elena,
Love Cosmetics,
Love Health Beauty,
Love Passport,
Love Potion Magickal Perfumerie,
Love, the Key to Life
Love2Love,
Lovegang,
Lovemore,
Lownds Pateman,
LPDO,
LPO - Libby Patterson Organics,
LR / Racine,
LTL Fragrances,
Lubin,
Luce's,
Lucia,
Luciano Oldoini,
Luciano Pavarotti,
Luciano Soprani,
Lucid Flower,
Lucien George,
Lucien Lelong,
Lucienne Merle,
Lucienne von Doz,
Lucky Brand,
Lucky Heart Cosmetics,
Lucky Scent,
Lucky Tiger,
Lucretia Vanderbilt,
Lucy Anderson,
Lucy B. Cosmetics,
Lucy Mecklenburgh,
Ludovica Di Loreto,
Luhns,
Lui Niche,
Luigi Batani,
Luigi Borrelli,
Luigi Colani,
Luis Anna Modonna,
Luisa Spagnoli,
Lulah,
Lulu Castagnette,
Lulu Guinness,
Lumira,
Lundborg,
Lurk,
Lush,
Luxana,
Luxe by Mr. Bubble,
Luxe Star,
Luxor Ltd.,
Luxure Parfumes,
Luxury Concept Perfumes,
Luyna,
Luzier Inc.,
LVNEA,
Lylian Grey,
Lyn,
Lynette,
Lyric,
Lyrique Parfums,
M. Asam,
M. C. Hood & Co.,
M. Dodier,
M. F. Garcia,
M. Micallef,
M.F. Productions,
M8 Moods,
Macal Palma,
Macson,
Macul Rosu,
Mad et Len,
Madam C. J. Walker,
Madame,
Madame Scodioli,
Made in Chelsea,
Made in Italy - Emotional Olfactive Landscapes,
Madeleine de Rauch,
Madeleine Mono,
Madeleine Vionnet,
Mademoiselle Wood,
Madhat Scents,
Madini,
Madison Perfume,
Madonna,
Madonna by Obella Holdings,
Madonna Fashion,
Madonna Nudes 1979,
Madwoman Lab,
Maestri di Fabbrica,
Maestro,
Mag & Logan,
Magdala,
Maggy Rouff,
Magic 10,
Magic Helvetia,
MagickMoods,
Magnetic Scent,
Magnetix Wellness,
Magnus, Mabee & Reynard
Magruss,
Mahogany,
Maienfelser Naturkosmetik Manufaktur,
Mair,
Mair Botanics,
Maira Jung,
Maison Anonyme,
Maison Chatrian,
Maison d'Hauteville,
Maison de Lenclos,
Maison de Parfum Berry,
Maison de Senteurs,
Maison Francis Kurkdjian,
Maison Incens,
Maison Louis Marie,
Maison Margiela,
Maison Mona di Orio,
Maitland-Phillipe,
Maiton,
Majathi,
Majda Bekkali,
Majell,
Majenty,
Majid Muzaffar Iterji,
Majolica Majorca,
Majorica,
Make Me Smooth,
Make Up Store,
Making Of,
Malak Perfumes,
Malbrum,
Male.,
Malin + Goetz,
Malina Vasanti,
Malizia,
Mally,
Mamonde,
Man's,
Manasse,
Mancera,
Manchester,
Manchester United,
Mancini,
Mandara Spa,
Mandarina Duck,
Mandel Brothers,
Mandom,
Mane,
Manestys,
Mango,
Manguun,
Manhattan,
Manic Panic,
Manila Grace,
Manny Pacquiao,
Manohra,
Manos Gerakinis,
Mansfield,
Mantigo,
Manuel Canovas,
Manuel Carrasco,
Manuel Pertegaz,
Manufaktur Derenthal,
Manufaktura,
Maoli,
Map of the Heart,
Mar de Ibiza,
Maravilla,
Marbert,
Marc Atlan,
Marc Cain,
Marc de Fontanges,
Marc Jacobs,
Marc Joseph,
Marc Jouvin,
Marc O'Polo,
Marc Weiss,
Marc-Antoine Barrois,
Marcel Bur,
Marcel Guerlain / Hughes Guerlain,
Marcel Raffy,
Marcella Wouters,
Marcelle Anna,
Marcelle Dormoy,
Marchesa,
Marco da Venezia,
Marco Serussi,
Marco Viviani,
Marcus Spurway / Spurway & Co.,
Marell,
Marella Ferrera,
Maren Gilzer,
Margaret Astor,
Margo,
Margot Schmitt,
Margret von den Busch,
Maria Candida Gentile,
Maria Christofilis / Anthousa,
Maria Galland,
Maria Jacobi,
Maria Sharapova,
Maria Vazquez,
Mariah Carey,
MariaL / MariaLux,
Maricos,
Marie Barker,
Marie Colette,
Marie Earle,
Marie Magdeleine,
Marie Saint Pierre,
Marie Serneholt,
Marie Todd,
Mariella Burani,
Marilyn Miglin,
Marilyn Monroe,
Marina Barcenilla / The Perfume Garden,
Marina Marinof,
Marina Militare,
Marina Picasso,
Marina Rinaldi,
Marina Smith,
Marina Spadafora,
Marina Yachting,
Marine Molina,
Mario Limone,
Mario Valentino,
Marionnaud,
Marjorie Midgarden Fragrances,
Mark Birley,
Mark Buxton Perfumes,
Mark Cross,
Mark Medlock,
Mark Wright,
mark.,
Marke Flasco,
Marks & Spencer,
Marley Natural,
Marlou,
Marly / Les Parfums Marly,
Marmara,
Marmol & Son,
Marni,
Marny,
Maroma,
Maromay,
Marquay,
Marques de Elorza,
Marsal,
Marsay,
Marshall Field,
Martial et Armand,
Martial Raysse,
Martin Dejdar,
Martin Friedsey,
Martin Kolin,
Martine Marie Laurent,
Marvel - The Avengers,
Marvell Cosmetics,
Marvin,
Mary Bells,
Mary Carlucci,
Mary Chess,
Mary Cohr,
Mary Dunhill,
Mary Grayo,
Mary Greenwell,
Mary J. Blige,
Mary Kay,
Mary Louise,
Mary McFadden,
Mary Quant,
Mary-Kate & Ashley Olsen,
Mas Cosmetics / Mas S.A.,
Mascalzone Latino,
Masik Collegiate Fragrances,
Maskiri,
Maskulin,
Masone,
Masque,
Massenet,
Massimo Dutti,
Match Play,
Material Lust,
Mathias,
Mathilde M.,
Mathilde Waldschmidt,
Matinata Perfume Co.,
Matis,
Matt Titus,
Matthew Camp,
Matthew Decker,
Matthew Williamson,
Maty,
Maubert,
Mauboussin,
Maudy,
Maui Hawaii Natural Perfumes,
Mauli,
Maurella Parfums,
Maurice Rentner,
Maurices,
Mauricius,
Mavericks Revue Bar,
Mavive,
Mawa,
Max Azria,
Max Deville,
Max Factor,
Max Gordon,
Max Joacim,
Max Lee,
Max Littwitz ,
Max Mara,
Max Schwarzlose,
Maxence,
Maxim,
Maxim's,
Maxime Mastroianni,
Maximilien,
Maxx Laurent,
May Fair Le Caire,
May Fee,
Maybe Lauretta Larix Perfume,
Maybelline,
Mayer Peace Collection,
Mayfair,
Mayser,
Mayson & Co.,
Mayssa,
Mazda,
Mazza,
Mazzolari,
MBR Medical Beauty Research,
MC Men's Cosmetics,
McBrady,
McGregor,
MCM,
MCMC Fragrances,
MCS,
Me Fragrance,
Me-Ko / Mecnarowski & Co.,
Mecca,
Medicea,
Medicine Flower,
Mediterranea,
Medosan,
Mein Schiff,
Meishu Berlin-Hamburg,
Mekkanische Rose,
Mel Merio,
Melaleuca,
Melanie Martinez,
Melba,
Melfleurs,
Melikov,
Melinda Messenger,
Melissa Flagg Perfume / Clementine Perfume,
Melita,
Mellier Co.,
Mello-glo,
Mellrose,
Melvita,
MEM Company / M. E. Mayer,
Memento Scents,
Memo,
Men's Health,
Menard,
Mendittorosa,
Menelik,
Mennen,
Meo Fusciuni,
Meraki,
Mercadona,
Mercedes,
Mercedes-Benz,
Mercurio Perfumes,
Merhis,
Merice Perfumes,
Merivon,
Merle Norman,
Mermade Arts,
Mermaid,
Merveille de France,
Merz + Co. / Lyssia,
Meshaz Natural Perfumes,
Messner Mountain Magic,
Mexx,
MGM Grand,
MGO Duftmanufaktur,
Mia Gray,
Miahati,
Micaelangelo,
Michael Hill,
Michael Jordan,
Michael Kors,
Michael Michalsky,
Michael Storer,
Michael Todd,
Michael Wendler,
Michel Boyer,
Michel Comte,
Michel Germain,
Michel Jordi,
Michel Klein,
Michel Marot,
Michel Pasquier,
Michel Robichaud,
Michel Tellin,
Michele Bergman,
Michele Franzese,
Michelle Michini,
Mick Micheyl,
Micys Company,
Midi Parfums,
Midnight Gypsy Alchemy,
Miffy / Nijntje,
Migros,
Miguel Berbel,
Miguel de Cuevas,
Mikhail Baryshnikov,
Mikimoto Cosmetics / Mikimoto Pearl Island,
Mikmoi,
Mikyajy,
Mila d'Opiz / MDO,
Milart Associates Inc.,
Milder,
Milk & Honey Naturals,
Milkiu,
Mille Centum,
Miller et Bertaux,
Miller Harris,
Millerand,
Milton-Lloyd,
Mimesis,
Mimi & Hy,
Mimmina,
Mimo Chkoudra,
MiN New York,
Minelli,
Miner's,
Miners International,
Ministry of Sound,
Mino's Cosmetiques,
Mira,
Mira Takla,
Miraculum,
Miraj,
Miraj Perfume Oil,
Miriam Collins,
Miriam Ocariz,
MiriBen Parfum,
Mirko Buffini,
Miro,
Miro-Dena,
Mirra,
Mirum,
Mirus Fine Fragrance,
Mishal Muzaffar Atarji,
Miss Anastasia,
Miss Jackson,
Miss Patisserie,
Miss Saigon Elegance,
Miss Selfridge,
Miss Sixty,
Miss Vietnam,
Missala,
Missguided,
Missha,
Missoni,
Mister Green,
Mistinguett,
Mistral,
Mistral Fragrances,
Mitchell and Peach,
Mito,
Mitsubishi Motors,
Miu Miu,
Mixer & Pack,
Miya Shinma,
Mizensir,
MJ Mystery Holdings Ltd.,
Moar International,
Models & Co.,
Modigliani,
Moehr / Parfumerie G. Moehr,
Mogador,
Mohamed Abdou,
Mohito,
Moi et Moi Parfums,
Moiret,
Mois Matin,
Mojo,
Mojo Spa,
MojoMagique,
Molinard,
Molinelle,
Mollie Parnis,
Molton Brown,
Molyneux,
Momiji,
Momo Design,
Mon,
Mon Petit Paradis,
Mon Plaisir,
Mon-Typ,
Mona,
Mona-Lisa,
Monaci Cistercensi della Certosa di Firenze,
Monaco Parfums,
Monarda,
Monclair,
Mondi,
Mondial,
Mondo Mondo,
Monella Vagabonda,
Monika Klink,
Monna Vanna,
Monne,
Monoi Tiare Tahiti / Tiki Tahiti,
Monolab,
Monom,
Monoprix,
Monoscent,
Monotheme,
Monroe,
Monsavon / Parfumerie Monsavon,
Monsillage,
Monsoon,
Mont Agel,
Mont Fleur,
Mont St. Michel,
Montagut,
Montale,
Montana,
Montblanc,
Monte Carlo Parfums,
Montegrappa,
Monternier / Ch. Monternier / Charles Monternier,
Montezemolo,
Montfort Vienna,
Montgomery Taylor,
Monticelli Fragrances,
Montjardin,
Montplet,
Monyette,
Moods of Norway,
Moonalisa,
MOR,
Morabito,
More & More,
Morell,
Morellato,
Morena,
Moresque,
Morgan de Toi,
Morgan Fairchild,
Morgane Le Fay,
Morna,
Morny,
Morph,
Morris,
Moschino,
Moss Botanical Perfumes,
Mouchi,
Mouson / J.G. Mouson & Co.,
Mousson's,
Mox Botanicals,
Mozart,
Mozarthaus Salzburg,
MP s.r.l.,
MPF,
MS Mahmood Saeed,
MS Parfums & Cosmetiques,
MTV Perfumes,
Muattaq,
Mugler / Thierry Mugler,
Muhammad Ali,
Mulberry,
Murano,
Murdock,
Muriel Hasbrouck,
Mury,
Musc d'Or,
Musc et Madame,
Muse,
Museo de Gal,
Musgo Real,
Music de Parfum,
Musk & More,
Musk Collection,
Musk International,
Musso,
Mustang,
Mustang Fragrances,
Mustela,
MW Perfumes,
My Daughter Fragrances,
My Fragrance,
My Inner Island,
My Way,
Myette,
MyLifeCompany,
Myrna Pons,
Myrsol,
Myrurgia,
Mystic Blue,
N-Cigale,
Na Nin,
Naam,
Nabeel,
Nabucco,
Nacho Vidal,
Nadia,
NadiaZ,
Nadine Chandrawinata,
Naf Naf,
Naiad Soap Arts,
Naj-Oleari,
NANA.M,
Nanadebary,
Nancy Meiland,
Nanette Lepore,
Nangy's,
Nanne Bailey,
Nanos,
Naomi Campbell,
Naomi Goodsir,
Napa Valley,
Napoleon,
Narciso Rodriguez,
Narcisse,
Narucci,
Nasengold,
Nashi Argan,
Naso di Raza,
Nasomatto,
Nateeva,
Natio,
National Trust,
Native Rituals,
Natori,
Natu Charm,
Natur Milano,
Natura,
Natural Care,
Nature Republic,
Nature's,
Natus,
Naulover,
Naumann-Boehm,
Nautica,
Nautilus,
Naxos,
Nazareno Gabrielli,
Ne'emah,
Neal's Yard Remedies,
Neandertal,
Neesh,
Neija / Parfums Neija,
Neil Morris Fragrances,
Neiman Marcus,
Nejma,
Nekkid,
Nelly,
Nelly Rodi Scent Factory,
Nemat International,
Nenuco,
Neocamelot,
Neom Organics,
Neotantric,
Nerval / Sophie Nerval / Aok-Nerval,
Nest,
Nettie Rosenstein,
Neuf Paris,
Neumond,
Neuzeit Versand,
Neville,
New Ai,
New Brand,
New Look,
New Style,
New York Fragrance, Inc.
New York Pencil Co.,
New York Yankees,
New Yorker,
Newday Cosmetics,
Next,
nextgurunow,
Neymi,
NG Cosmo International,
Nice-Flore,
Nick Assfalg,
Nickel,
Nicki Minaj,
Nicky Chini,
Nicky Verfaillie,
Nico Uytterhaegen,
Nicolai Bergmann,
Nicolas Danila,
Nicolas de Barry,
Nicole Altair,
Nicole Amy Fragrances,
Nicole Danot,
Nicole Farhi,
Nicole Miller,
Nicole Polizzi,
Nicole Richie,
Nidor,
Niersteiner Wein & Sektkellerei GmbH,
Nike,
Niki de Saint Phalle,
Niki Lauda,
Niki Taylor,
Nikki Beach,
Nikos,
Nina Christine,
Nina Ricci,
Nina's Nature,
Nine West,
Ninel,
Nino Touma,
Niona,
Nipola Co.,
Nishane,
Nisshe,
Nivea,
Niven Morgan,
Niyo & Co.,
No Fear,
Nobile 1942,
NoBs Alpha Male,
Nole by Family Sport,
Nomaterra,
Nomenclature,
Non e' la Rai,
Nooka,
Noon Designs,
Norelco,
Norell,
Norfolk Lavender,
Norlena,
Norma Kamali,
Norman Hartnell,
Normandie Perfumes,
NorraNorrland,
Northfields Tailors,
Nostalgia Collection,
Nosyp,
Not Soap Radio,
Note Fragrances,
Nothing Perfume,
Nou,
Nougat London,
Noukie's,
Nouveau,
Nova,
Novae Plus,
Nov-25,
NSEW - North South East West,
nspa,
Nu Parfums,
Nual,
Nuhi,
Nuphar,
Nuroma,
NuSkin,
Nutrimetics,
Nuxe,
NY&C; / New York & Company,
Nyakio Kamoche,
O Alquimista,
O Hui,
O'de Texel,
O'Douds,
O-Twist,
O.J. Perrin,
O.P.S.O.,
Obscene,
Occhi Verdi,
Ocean Pacific,
ODeJo / Jo Levin,
Odem of Germany,
Odeon Parfums,
Odict,
Odin New York,
Odore Mio,
Offenthal,
Officers Club,
Officina de' Tornabuoni,
Officina delle Essenze,
Officine del Profumo,
OG Original,
Ogalalla,
Oilily,
Ojai Wild,
OKKI,
Old Factory Soap Company,
Old South,
Oleg Cassini,
Olfactive Studio,
Olfactory Corp.,
Olfattiva,
Olfattology,
Olga Tschechowa,
Olibere,
Olivares & Ribero / Olivares,
Oliver & Co.,
Oliver Sweeney,
Olivier d'Amboise,
Olivier de Kersauson,
Olivier Durbano,
Olivier Strelli,
Olivin Wiesbaden,
Olivina,
Olivine,
Olivolga Parfums,
Olla Ramlan,
Ollie + Max Soap Co.,
Olo,
Olymp,
Olympic Orchids Artisan Perfumes,
Omar Sharif,
Omega,
Omerta,
Omnia Profumi,
Omorovicza,
Ona Saez,
One 4 You - Dorlastan,
One Diffusion,
One Direction,
One of those / nu_be,
One Seed,
Onyrico,
Opalescent Natural Perfumes,
Opeer,
Opera Prima,
Ops!Objects,
Optico Profumo,
Opus Oils,
Opus Parfum,
Or-Blos,
Ora-Ito,
Oresnd,
Orette,
Organic Angie,
Organic Glam,
Orgue de Gabin,
Oribe,
Oriental Importing,
Oriental Style,
Oriflame,
Original Penguin,
Original Scent,
Origins,
Oriza L. Legrand,
Orla Kiely,
Orlane / Jean d'Albret,
Orloff,
Orlov,
Ormonde Jayne,
ORN,
Oros,
Orsay,
orson + bodil,
Ortigia,
Orto Parisi,
Orvis,
Oscar de la Renta,
Oscar Sarhage,
Osmia Organics,
Osmium,
Ota,
Otoori,
Ottaniqo,
Otter Wax,
Otto Kern,
Otto Klement,
Otto Shehnaz,
Oud Elite,
Oudh Al Anfar,
Oudh.co.uk,
Oudscent,
Our Legacy,
Outremer / L'Aromarine,
Oviatt,
Oxbow,
Ozwald Boateng,
P.M. Cosmetics GmbH,
P1,
p2 Cosmetics,
Pacha,
Pacific Perfumes,
Pacifica,
Paco Rabanne,
Pacoma,
Paese,
Page Parfums,
Paglieri,
Pagnaccos,
Pal Zileri,
Palais Aromaetica,
Palmaria,
Palmers,
Palmolive,
Paloma Picasso,
Palquis Parfum,
Pamela Anderson,
Panah,
Panama Jack,
Pancaldi / Pancaldi & B,
Panier des Sens,
Panizza Fragrances,
Panos Emporio,
Panouge,
Pantheon,
PanVel,
Paola Ferri,
Paolo Conti,
Paolo Giardini,
Paolo Gigli,
Paolo Pecora,
Papillon Artisan Perfumes,
Paquin / Jeanne Paquin,
Para Ti Corporation,
Parah,
Parco 1923,
Parera,
Parfaromes,
Parfico,
Parfjumerno-Kosmeticheskaja Fabrika Lvov,
Parfum Academy,
Parfum Blaze,
Parfum Couture,
Parfum d'Empire,
Parfum d'Espoir,
Parfum de Cannabis,
Parfum de Style,
Parfum Magnifique,
Parfum Majestique,
Parfum Satori,
Parfum Sur Mesure,
Parfum-Individual Harry Lehmann,
ParfumBar,
Parfume de Vanille,
Parfume Noire,
Parfumerie Centrale / Centrale Formentera,
Parfumerie de l'Etoile,
Parfumerie de Raymond,
Parfumerie Dubarry,
Parfumerie Ghillany,
Parfumerie LaRae,
Parfumerie Liebe,
Parfumerie Naturelle,
Parfumerie Rose de Rhodes,
Parfumerie Zeno / Zeno & Cie,
Parfumeurs du Monde,
Parfumo,
Parfums 137,
Parfums Ailleurs,
Parfums Alma,
Parfums Ariane O,
Parfums Bombay 1950,
Parfums Christine Darvin,
Parfums Chypron,
Parfums Codibel,
Parfums Corania,
Parfums Corialys,
Parfums Corias,
Parfums Cote d'Azur et Provence,
Parfums d'Armando Martinez,
Parfums d'Imperfiction,
Parfums d'Ornas,
Parfums de Fedora,
Parfums de Gency,
Parfums de La Bastide,
Parfums de Marcy,
Parfums de Marly,
Parfums de Montfort,
Parfums de Star,
Parfums Delphes,
Parfums DelRae,
Parfums Diamantino,
Parfums Donelian,
Parfums Dynasty,
Parfums Esmeralda,
Parfums et Senteurs du Pays Basque,
Parfums Fontain,
Parfums Forvil,
Parfums Frederic,
Parfums G.D.L.,
Parfums Genty,
Parfums Gianelli,
Parfums Identity,
Parfums Jacques Heim,
Parfums Jamaica,
Parfums Jaspy,
Parfums JM,
Parfums Kremlin,
Parfums Lalun,
Parfums les Cordeliers,
Parfums Lively,
Parfums Liyah,
Parfums Lorebat,
Parfums Love,
Parfums Majesty,
Parfums MDCI,
Parfums Mercedes,
Parfums Model,
Parfums Moneau,
Parfums Namara,
Parfums Ozer,
Parfums Paul Parquet,
Parfums Perac,
Parfums Pierre Bataille,
Parfums Quartana,
Parfums Raffy,
Parfums Regence,
Parfums Royal Monceau,
Parfums Sabrina,
Parfums Shams,
Parfums Sophiste,
Parfums Sven Pritzkoleit / SP Parfums,
Parfums Ti Amo,
Parfums Valjean,
Parfums Vintage,
Parfums Visari,
Parikos GmbH,
Paris Avenue / Art Creation,
Paris Bleu,
Paris Elysees / Le Parfum by PE,
Paris Gallery,
Paris Hilton,
Paris International,
Paris Memories,
Paris Mon Amour,
Paris Perfumes,
Paris-Bahamas,
Parisvally,
Park & Tilford,
Park Ave. Fragrance Co.,
Park Lane,
Parle Moi de Parfum,
Parli,
Parlux,
Parma-Aurel GmbH / Beauty Alliance,
Parmafragrance,
Parsa,
Parum,
Pascal Morabito,
Pascal Schaller,
Pashana,
Pastel,
Pasteline,
Patanwala / E. S. Patanwala,
Patch NYC,
Patina,
Patras,
Patrichs,
Patricia Kaas,
Patricia Murphy,
Patrick Cox,
Patrizia Pepe,
Patrizia Rossetti,
Patti LaBelle,
Patty Pravo,
Patyka,
Paul & Joe,
Paul Boyer,
Paul Darc,
Paul Donnant,
Paul Duval,
Paul Emilien,
Paul Fredrick,
Paul Janke,
Paul Rieger,
Paul Sebastian,
Paul Smith,
Paul Tranoy,
Paul Vess,
Paul's Boutique,
Paula Cahen d'Anvers,
Paula Dorf,
Paula Kent Perfumes,
Paula Yates,
Paulina Rubio,
Paulvic,
Pavire,
Pavo,
Payard,
Payot,
Peachy Keen,
Peacock Parfumerie,
Pearce's / Pearce & Co.,
Peccato Originale,
Pecksniff's,
Pedro de Leana,
Pedro del Hierro,
Peggy Hoyt,
Peirson Perfumer,
Pekji,
Pell Wall Perfumes,
Penhaligon's,
Penny Frances Apothecary,
Penny Lane Organics,
Penthouse,
Peperami,
Percy & Reed,
Percy Nobleman,
Pereja,
Perfect Potion,
Perfectly Posh,
Perfumatory,
Perfume & Skincare Co.,
Perfume and Skin,
Perfume by Nature,
perfume LAB.,
Perfume-by-Wire,
Perfumer H,
Perfumer's Workshop,
Perfumera Curandera,
Perfumes Polynesia,
Perfumies,
Perfumology,
Perlier,
Perni,
Perris Monte Carlo,
Perry Ellis,
Persephenie Studio,
Pervisa,
Pessl,
Petal & Leaf,
Peter Affenzeller,
Peter Andre,
Peter Claridge,
Peter Heintz,
Peter Schmidinger,
Peter Thomas Roth,
Peter van Holland,
Petit Bateau,
Petite Beaute,
Peyronnet,
Pfeilring,
PG Parfums,
Phaedon,
Phalon & Son / Phalon's,
Phat Farm,
Phebo,
Philip Martin's,
Philip Stein,
Philippe d'Orvault,
Philippe Venet,
Philippe Vullion,
Philly & Phill,
Philosophy,
Phlur,
Phoenicia,
Phoenix Botanicals,
Phuong Dang,
Phyderma,
PhyTiao,
Piacenza 1733 / Ricardo Piacenza,
Piazzetta di Portofino,
Picard,
Pickwick Charm Products,
Picot,
Piece of Cake,
Pierre Amouroux,
Pierre Baxel,
Pierre Bourdon,
Pierre Brice,
Pierre Cardin,
Pierre Clarence,
Pierre de Alba-Nizzi,
Pierre de Velay,
Pierre Dune Parfumeur,
Pierre Guillaume,
Pierre Laussey,
Pierre Lorain,
Pierre Lumiere,
Pierre Marlaron,
Pierre Michell,
Pierre Rochard,
Pierre Vivion,
Pierre Wulff,
Piesse & Lubin,
Piette / Les Parfums de Piette,
Pilar & Lucy,
Pimkie,
Pinatura Cares,
Pineider,
Pininfarina,
Pink Sugar,
Pino Silvestre,
Pinrose,
Pioneer Gragney London,
Piotr Czarnecki,
Piper's Perfumery,
Pirette,
Pirouette,
Pitbull,
Pitkin / J. M. Pitkin,
Pitralon,
Pixie Lott,
Piz Buin,
Pizza Hut,
PK Perfumes,
Place des Lices,
Plaimar,
Planet Yum,
Plantes et Parfums de Provence,
Plassard / Louis Plassard / L. Plassard,
Platinum Bar,
Platinum J,
Playboy,
Playgirl Industries,
PME Legend,
PMP Perfumes Mayr Plettenberg,
Pnina Tornai,
POGOPOGO Jo Kemby,
Poiray,
Poiret,
Pola,
Police,
Pollena Eva,
Polly Bergen,
Polyana,
Polyaromatics,
Pomellato,
Pony Kampen,
Popy Moreni,
Pork Barrel BBQ,
Poro,
Porphyrogene,
Porsche Design,
Portland General Store,
Ports 1961,
Portsaid,
Posh Brats,
Poshology,
Possets,
Potter & Moore,
Poulage Parfumeur,
Pour le Monde,
Pour Toujours,
Pout,
Powerpuff Girls,
Pozzo di Borgo,
PP Perfumes,
Prada,
Prai,
Pramy,
Precihor,
Precious Liquid,
Precious Water,
Preeminence,
Premet,
Premier by Dead Sea Premier,
Prescriptives,
Prestige de Menton,
PrettyBallerinas,
Priddy Essentials,
Pride Laboratories,
Prim Botanicals,
Primal Elements,
Primark,
Primavera,
Primavera Paris,
Prime Collection,
Prime Enterprises, Mumbai
Primrose House,
Prinal,
Prince,
Prince de Chany,
Prince de Lorme,
Prince Henrik,
Prince Matchabelli,
Prince Obolenski,
Prince Parfums,
Princess Arleyne Parfums,
Princess Bea Auersperg,
Princess Eve,
Princesse Carolina,
Princesse Marina de Bourbon,
Pringle of Scotland,
Priscilla Presley,
Private Mood,
PriyaMeansLove,
Procarg,
Prochaska / Parfumerie F. Prochaska / Proka,
Procter & Gamble,
Proderma,
Profile,
Profumeria Franco,
Profumi Capri,
Profumi del Forte,
Profumi delle Isole,
Profumi di Pantelleria,
Profumo di Firenze 1954,
Profumo di Firenze Odori,
Profumo di Rovigno,
Profumo Napoli,
Profumod'Umbria,
Profumum Roma,
Project D by Dannii and Tabitha,
Project Renegades,
Promod,
Promoparf,
Proraso,
Prospector Co.,
Proteo Profumi,
Prototype,
Protus,
Prouvenco,
Provanza,
Provence & Nature,
Provida Organics,
Providence Perfume,
Provision,
ProVoke,
Prowin,
Prudence,
Pryn Parfum,
Puhl,
Puig,
Pull & Bear,
Puma,
Punt Roma,
Pupa,
Puppy Love,
Pura,
Pure & Petal,
Pure Balance,
Pure Botanic Vibes,
Pure Fiji,
Pure Gold,
Pure Natural Diva,
Pure Presence,
Puredistance,
Purity Fragrances,
Purplecat Creatives,
PUSH,
Pussy Deluxe,
Puur,
Pyrus,
P|Parfums,
Qonai,
Quality Products Co.,
Queen Latifah,
QueenB,
Quem Disse, Berenice?
Quiksilver,
Quimiflor,
Quintessence,
R de Coquine,
R. E. Pearce Ltd.,
R. H. Macy & Co.,
R. L. Linden & Co.,
R. Prudhomme,
R.H. Cosmetics Corp.,
Rabbasol Chemie,
Racco,
Rachel Elbaz,
Racine,
Radics Gigi,
Radley,
Raffaella Curiel,
Rafin,
rag & bone,
Ragdoll,
Ragheb Alama,
Rainwater Botanicals,
Raison Pure,
Rallet,
Ralph Lauren,
Ramakrishnananda,
Ramey,
Rampage,
Randi's Beauty Secret by Randi Ingerman,
Randy Moss,
Rania J.,
Raoul Vigny,
Raphael,
Raphael Rosalee,
Raquel,
Rare Device,
rareEssence,
Rasasi,
Raunsborg,
Ravel,
Ravello Beverly Hills,
Ravenscourt Apothecary,
Raviseine,
Raw Spirit,
Raymond Lafon,
Raymond Matts,
Raymond Mortiz,
Razan / Miss Razan,
Re Profumo,
Real Time,
Real Zaragoza,
Realm / Erox,
Realtree,
Rebecca Bonbon,
Rebel & Mercury,
Rebel Intuitive Perfumerie,
Rebul / Atelier Rebul,
Reciprocitee,
Red & Gold,
Red Baron,
Red Carpet Attitude,
Red Flower Organic Perfume,
Red or Dead,
Red Pearl,
Red Rubin,
Redfern,
RedGreen,
RedWood,
Reebok,
Reed Krakoff,
Reef,
Reehat Al Atoor,
REEK. Perfume,
Reem Acra,
Refan,
Rega,
Regal,
Regatta,
Regency Cosmetics,
Regia,
Regia Perfume Co.,
Regina Harris,
Regina Schrecker,
Reichalda,
Reichenbach / Parfums Reichenbach,
Reichert / W. Reichert,
Reign by Deb,
Reine Inc.,
Reiss,
Rejuvia,
Religion Clothing,
Reliquary Perfumes,
Rembrandt,
Remiller,
Remington,
Reminiscence New York,
Remus,
REN,
Rena Perfumes,
Renato Balestra,
Renaud de Lustrac,
Renault,
Rendes,
Rene Di Or,
Renier Perfumes,
Rennes le Chateau,
Renoir,
Renoma,
Reo Products,
Repetto,
Replay,
Reserved,
retaW,
Revelations Perfume & Cosmetics, Inc.
Revenge,
Revillon,
Revlon / Charles Revson,
REWE,
Rewel,
Rexall Drug Company,
Reyane Tradition,
Reynald Katz,
Reyza,
Rhein Cosmetic,
Rheyms,
Rhodius Perfumes,
Rhonda Shear,
Riachi,
Riaz Dan,
Ricarda M.,
RIcardo Ramos - Parfums d'Auteur,
Ricardo Sibelo,
Ricciardi,
Rich Hippie,
Richard Dupont,
Richard Hudnut,
Richard James,
Richemont / Parfums Richemont,
Richmond,
Ricksecker's Perfumes,
Ricky Sarkany,
Rico,
Riddle,
Rifat Ozbek,
Rigaud,
Rihanna,
Rimini Protokoll,
Rimmel,
Risheng,
Risingwave / Christian Riese Lassen,
Rita Terrell,
Rituals,
Riva,
Riva Wien,
Rival,
Rival de Loop,
Rivara Hanorah,
Rive Sud,
River Island,
Rivoli,
RMS Titanic,
RNC,
Roads,
Robbie VanGogh,
Roberre,
Robert,
Robert Ashley,
Robert Beaulieu,
Robert d'Avray,
Robert Graham,
Robert Leurent,
Robert Piguet,
Robert Powell Johns,
Roberta Andrade,
Roberta di Camerino,
Robertier,
Roberto Calesi,
Roberto Capucci,
Roberto Cavalli,
Roberto Geissini,
Roberto Giovani,
Roberto Sarto,
Roberto Torretta,
Roberto Verino,
Roberto Vizzari,
Robin McGraw,
Robinson Cosmetic,
Robj,
ROC,
Roca Perfums,
Rocawear,
Rocca,
Roccobarocco,
Rochas,
Rochelle Boleyn,
Rock & Republic,
Rockford,
Rockies,
Rocky S,
Rodier,
Rodin Olio Lusso,
Roeckl,
Roger & Gallet,
Roger Federer,
Roger Laurent,
Roger Lavalle,
Roger Leygonie,
Roger Thirion et Cie.,
Roger Vivier,
Roi,
Roja Flore / Roja,
Roja Parfums,
Roland Garros,
Roland V.,
Rolex,
Romain Laurens,
Romella,
Romeo Gigli,
Romero Britto,
Romey,
Romilly Wilde,
Ronaldo Esper,
Ronan Keating,
Ronni / Parfums Ronni Inc.,
Room 1015,
Root + Roam,
Roots,
Roots Rose Radish,
Rorey,
Rosa Schaffer,
Rosal,
Rosalar,
Rosario Flores,
Rose & Co Manchester,
Rose Chandal,
Rose Desgranges,
Rose en Bos,
Rose et Marius,
Rose Garden,
Rose Valois,
Rosella Fiora,
RoseMary,
Rosendo Mateu - Olfactive Expressions,
Rosense,
Roses are Roses,
Roses for Autism,
Rosie Jane,
Rossignol 1634,
Rotana Perfumes,
Rote Rosen,
Rothenstein,
Rouge Bunny Rouge,
Rouget,
Roullier White,
Rover,
Rover & Lakes,
Roveri & Aura,
Rowsky,
Roxana Illuminated Perfumes,
Roxey,
Roy Robson,
Royal Apothic,
Royal Copenhagen,
Royal Cracow,
Royal Crown,
Royal Diwan Group,
Royal Doulton,
Royal Hawaiian Perfumes,
Royal Heritage,
Royal Luxury Perfumes,
Royal Mirage,
Royal Perfume Co., Inc.
Royal Perfumers,
Royal Perfumes,
Royal Sanders,
Royall Lyme of Bermuda,
Royalski,
Rozaya,
RPI / Royaume du Parfum International,
RPL Maison,
Rubicon,
Rubini,
Rubino Cosmetics,
Ruby Red,
Rubyat,
Ruddy Water,
Rude Store,
Rudolph Moshammer,
Rudy Profumi,
Rue 37,
Rue Princesse,
rue21,
Ruehl No.925,
Rugby Club Toulonnais,
RUIK,
Rumbo Kosmetik,
Rundholz Parfums,
RuPaul,
Ruthless,
S Poncet,
S&C; Perfumes / Suchel Camacho,
S-Perfume,
S. Bensimon,
S. C. Johnson & Son, Inc.
S. Cute,
S. M. Parfums,
S.A.C.K.Y,
S.i.r.p.e.a.,
S.Ishira,
s.Oliver,
S.T. Dupont,
S4P,
Saad,
Sabine Asgodom,
Sabon,
Sabotage,
Sabrina,
Sabrina Desero / Sabrino Demil,
Sacha Distel,
Sacher Wien,
Sacred Elements Essentials,
Saffron James,
Sage + Fasten,
Sage Machado,
Saguara,
Sahaja,
Sahlini Parfums,
SAI New York,
Saigon,
Saile International,
Saint Charles Shave,
Saint d'Ici,
Saint Graal,
Saint James,
Saint Rita Parlor,
Saint-Sauveur,
Saje,
Sakamichi,
Saks Fifth Avenue,
Sal y Pimienta Fragrances,
Salancy,
Saledo,
Salming,
Salux Perfumer,
Salvador Dali,
Salvatore Ferragamo,
Salvatore Regio,
Salvezza,
Sam Ney,
Sama,
Samantha Faiers,
Samantha Jane,
Sammarco,
Sammi Sweetheart / Dangerous,
San Giovanni,
Sanae Intoxicants,
Sanborns,
Sanctuary,
Sanctum Fragrance,
Sandovalis,
Sangado,
Sans Soucis,
Sansibar,
Santa Barbara Polo & Racquet Club,
Santa Eulalia,
Santa Fe Botanical Fragrances,
Santa Maria Novella,
Sante Naturkosmetik,
Santi Burgas,
Santini Cosmetic,
Santulan,
Sapil,
Sarabecca,
Sarah Coventry,
Sarah Horowitz Parfums,
Sarah Jessica Parker,
Sarah Kern,
Sarah Lynn,
Sarah-S. Collection / Herbert Schmidt AG,
Sarahs Creations,
Sarantis,
Saravel,
Sarawen,
Sari,
Sartorius,
Sasatinnie,
Sascha Heyna,
Saskia Diez,
Satellite,
Satinine,
Sauf,
Saville,
Savinelli,
Savonnerie de Bormes,
Saxe,
Saxen Safran,
Sayidaty,
Scaasi,
Scad,
Scandia,
Scapa / Scapa of Scotland,
Scaramouche & Fandango,
Scent & Savour,
Scent Bar,
Scent by Alexis,
Scent by the Sea,
Scent on Canvas,
Scent Swatch,
Scent Systems,
Scentered,
ScentOfLove,
Scents of Time,
Scentsational of Huntington,
ScentStory,
Scentsy,
Sceri,
Schaeben / Haus Schaeben,
Scherk,
Schimmel & Co.,
Schlossparfumerie Wolff & Sohn Stuttgart,
Schuberth,
Schutzengelein Naturkosmetik,
Scorpio,
Scotch & Soda,
Scottish Fine Soaps,
Scriabin in the Himalayas,
Sea of Spa,
Seajewels,
Sean John,
Sebastian Signs,
Sebastiane,
Seck & Co,
Secret Emotion Kosmetik,
Seely,
Segantini Parfum,
Seger,
Segreti di Lucca,
Segreti di Toscana,
Segura,
Selena Gomez,
Sellion,
Sensai,
Sense Dubai,
Sense of Space Creations,
Sensilis,
Senteurs d'Histoire,
Senteurs du Sud,
Sentica,
Sentifique,
Sephora,
Septimanie Perfumes,
Serena Linley Provence,
Serendipity 3,
Serey,
Serge Blanco,
Serge Dumonten,
Serge Lutens,
Serge Normant,
Sergey Gubanov,
Sergio Porcher,
Sergio Soldano,
Sergio Tacchini,
Sergy,
Seris Parfums,
Serra & Fonseca,
Seth Kornegay,
Seve Ballesteros,
Seven Skies,
Sewrra,
Sex and the City,
Sexy Fortune,
SFL / Styles for Less,
SFP Sons,
Sfumato,
SG79|STHLM,
Sh'Zen,
Shaka,
Shakira,
Shakti,
Shalini,
Shandara,
Shane Lynch,
Shanghai Tang,
Shania Twain,
Shantara,
Shao Ko,
Sharday,
Sharini Parfums Naturels,
Sharqia / Al Sharqia,
Sharra Pagano,
Shawn Mendes,
Shawn Rae,
Shay & Blue,
She Who Dares,
Shear & Shine,
SheerLuxe,
Shelley Kyle,
Shemagh Al Bassam,
Shiffa,
Shigeta,
Shilpa Shetty,
Shimansky,
Shimy Brothers,
Shirin David,
Shirley May,
Shiseido,
Shopping Queen,
Shore Soap Company,
Show Beauty,
Shoynear Cosmetic GmbH,
Shu Uemura,
Shulton,
Si Pure,
Siboley,
Sicalav,
Siegel + Co,
Siela,
Sigilli,
Sigma V,
Signature Fragrances,
Signature Perfumes,
Silka,
Silke Wilhelm I.,
Silkygirl,
Simandre,
Simi GmbH,
Simimi,
Simon Chang,
Simon Guetta,
Simone Andreoli,
Simone Cosac,
Simonetta,
Simons,
Simply Argan,
Sinativa,
Sinfonia di Note,
Sintesis,
Sireta Collection,
Sirykid,
Sishali,
Sisley,
Sissel Tolaas,
SIX,
Six Scents,
Sixteen92,
SJ Repackaging, Inc.
Sjaak Hullekes,
Skeem,
SkinClever,
Skinfood,
Skinn Titan,
SkinSix,
Skirt,
skoah.,
Skye Botanicals,
Skylar,
Slatkin,
Slazenger,
slm / sous le manteau,
Slumberhouse,
Smail Salama,
Smell Bent,
Smellbound,
Smith & Wesson,
Smoke,
Snap,
Snob,
Snoopy,
Snowden Heather Perfumery Co.,
So French,
So...?,
Soap and Glory,
Soaptopia,
Soccx,
Social Creatures,
Society Parfums,
Sofia Balestra,
Softeistanz,
Soglio,
Sogno del Lago,
Sohum,
Soivohle,
Sol de Janeiro,
Solange Azagury-Partridge,
Solaroma,
Solid Cologne UK,
Solid State,
Solinotes,
Solitaire,
Solo Tuo,
Solomon,
Solon Palmer,
Solstice Scents,
Solyvia,
Soma,
Song of India,
Sonia Kashuk,
Sonia Rykiel,
Sonnybono,
Sonoma Scent Studio,
soOud,
Sophisticated Intimates,
Sorceress,
Sorelle Fontana,
Sororia Organics,
Sospiro,
Sothys,
Soubise,
Soul Purpose,
Soular Therapy,
Souleiado,
Source Adage,
Source de Provence,
Southern Comforts,
Southern Esscents,
Southwestern Classic Collection,
Sow Good,
Space.NK,
Spadaro,
Spalding,
Sparrow,
SPCI / Saudi Perfume & Cosmetics Company,
Spectator,
Speick / Walter Rau / Rau Privat,
Speidel,
Spelling Television, Inc.
Spencer South Bend,
Speziali Fiorentini,
Spezieria de Venezia,
Spinnrad,
Spirit,
Spiritual Sky,
Spitfire Girl,
Sprezzatura,
Springfield,
Spuhn Aurich,
Spuma di Sciampagna,
Spurlock-Neal Co.,
Square One Beauty,
SSC Napoli,
ST Cosmetic GmbH Berlin,
St James of London,
St. John,
St. Johns,
St. Kitts Herbery,
St. Moritz,
St. Raph,
Stacey Solomon,
Stacked Style,
Stade Toulousain,
Stadt Krefeld,
Stagecolor,
Stanley Home Products,
Star Boutique,
Star Child,
Star Nature,
Star Trek,
Star Wars,
Starck,
Starion,
Stark Frontier,
Starshine,
Starter,
State of Mind,
Stato d'Animo,
Steckenpferd / Bergmann & Co.,
Stefano Canturi,
Stefano Ricci,
Steffen Schraut,
Steidl,
Steiner,
Stella & Dustin,
Stella Cadente,
Stella McCartney,
Stenders,
Stendhal,
Stephane Coty,
Stephanie K Naturals / Iris Apothecary,
Stephanie Powers,
Stephanie Simek,
Stephen Barings,
Stephen Burlingham,
Stephen Burrows,
Steps,
Sterling International Trading Co.,
Stetson,
Steve McQueen,
Stil Cosmetic,
Stila,
Stilllife,
Stilton Cheesemakers Association,
Stinky Yogi,
Stirling Soap,
Stitch Perfumes,
Stone,
Stora Skuggan,
Storm,
STR8,
Stradivarius,
Strange Invisible Perfumes,
Strangelove NYC / ERH1012,
Straub Cosmetics,
Street Looks,
Strellson,
Strenesse / Gabriele Strehle,
Studia,
Studio Beauty Mix,
Studio Cosmetics Ltd.,
Studio Girl Hollywood,
Style & Grace,
Style Parfum,
Stylejunky,
Styx Naturkosmetik,
Suarez,
Suavinex,
Suchel Regalo,
Sucreabeille,
Sudre,
Sue Devitt,
Sue Wong,
Sugababes,
Sugar Milk!,
SugarBaby,
Suhad Perfumes,
Sunny Leone,
Suomy,
Superdrug,
Superdry,
Superman,
SuperTrash / ST Studio,
Surrati Perfumes,
Susan G. Komen for the Cure,
Susan McCray,
Susan Tabak,
Susanne Erichsen,
Susanne Lang,
Suzanne Neville,
Suzanne Perfumes,
Suzanne Thierry,
Suzy / Suzy White,
Suzy Larsen / Naked Leaf,
Svensk Parfym,
Swago,
Swank Inc.,
Swanmore,
Swarovski,
Sweet Anthem,
Sweet Tea Apothecary,
Sweet Years,
Swiss Arabian,
Swiss Cashmere,
Swiss Guard,
Swisso Logical,
Syed Junaid Alam,
Sylt,
Sylt by Viglahn,
Sylva Pagana,
Sylvaine Delacourte,
Sylvie de France,
Sylvie van der Vaart,
Symbolic Imports,
Synesis,
Synteza,
Syrenka Parfums,
Tabacora Parfums,
Tableau de Parfums,
Tadashi Shoji,
Tagor,
Taiba Shop,
Taif Al-Emarat,
Takashimaya,
Talbots,
Talismans,
Tallulah Jane,
Tambela / Bellyflowers,
Tammie Garr,
Tan Giudicelli,
Tangier,
Tann Rokka,
Taoasis,
Tara Reid,
Tarkan,
Tarte,
Tartine et Chocolat,
Tascani,
Task Essential,
Tata Harper,
Tauer Perfumes,
Tauerville,
Tauleto Wine Fragrance,
Taurus Film,
Taxor,
Taya,
Taylor of London,
Taylor of Old Bond Street,
Taylor Swift,
Tayyib,
TC World of Women,
Tchibo,
Teana,
Teaology,
Teatro Fragranze Uniche,
Ted Baker,
Ted Green,
Ted Lapidus,
Teeba,
Temple Spa,
Ten Digit Creations,
Teone Reinthal Natural Perfume,
Teresa Helbig,
Terra Continens,
Terranova,
Terre del Garda,
Terre di Amerigo,
Terres Dorees,
Terri Michele Fragrances,
Terry de Gunzburg,
Terveer,
Tesco,
Tesori d'Oriente,
Tessa de Baviera,
Testa Maura,
Tezenis,
Thalac,
Thameen,
Thania,
The 7 Virtues,
The Abner Royce Co.,
The Alpine Glow,
The American Line,
The Art of Shaving,
The August Boutique,
The Beautiful Mind Series,
The Beehive,
The Berkeley Square,
The Bible Fragrance,
The Bluebeards Revenge,
The Body Deli,
The Body Shop,
The Bonheur Co. Perfumers,
The Bramble & The Rose,
The Burrell Perfume Co.,
The Burren Perfumery / Vincent,
The C. Collection,
The California Fragrances,
The Devil Wears Divinity,
The Different Company,
The Dirt,
The Exotic Island Perfumer,
The Face Shop,
The Federation of Bakers,
The Fragrance Kitchen,
The Fragrance Shop,
The Fuller Brush Co.,
The Garden Bath,
The Gate,
The Goddess Line,
The Grand Budapest Hotel,
The Green Alchemist,
The Green Gorilla,
The Green Grocery,
The Harmonist,
The Healing Garden,
The House for Men, Inc.
The House of Gabler / Rogaux,
The House of Oud,
The House of Wenger,
The Institute for Art and Olfaction,
The Jennings Co.,
The Lab Room,
The Land of Corfu,
The Limited,
The Little Alchemist,
The London Grooming Company,
The Louangel Corp.,
The Man Company,
The Master Perfumer,
The Men's Soap Shop,
The Merchant Of Venice,
The Mindful Mushroom,
The Motley,
The Naked Bee,
The New York Shaving Company,
The Ohm Collection,
The Only Way is Essex,
The Onyx Exchange,
The Parlor Apothecary,
The Party,
The People Of The Labyrinths,
The Perfume Garret Chicago,
The Perfumer's Story by Azzi,
The Pink Room,
The Rising Phoenix Perfumery,
The Royal Collection,
The Royal Lifestyle,
The Royal Perfume,
The Rugby Fragrance,
the SAEM,
The Sage Goddess,
The Scent of Departure,
The Smurfs,
The Soap & Paper Factory,
The SoapWorks,
The Social Parfum,
The Somerset Toiletry Co.,
The Standard Perfumes Co.,
The Store of Ma,
The Sum,
The Sunset Perfume Company / Le Roy Perfumes,
The Theon Co.,
The THX Co.,
The Vagabond Prince,
The Viennastore,
The Village Company / Minnetonka, Inc.
The Voice,
The White Company,
The Woods Collection,
Theany Cosmetic,
Theater Potion,
Theme,
Theo Fennell,
Theodor Jebe,
Theodore,
Therapeutate Parfums,
Therme,
Theulier,
Thierack,
Thierry Blondeau,
Thierry Bogaert,
Think Pink,
Thirdman,
Thokei,
Thomas I Punkt,
Thomas Jones / T. Jones,
Thomas Kosmala,
Thomas Lawrence,
Thomas Parfumeur,
Thomas Rath,
Thomas Sabo,
Thomson & Craighead,
Thorn & Bloom,
Thymes,
TianDe,
Tiberius s.r.l.,
Tiens,
Tiffany,
Tiffi,
Tihama,
Tijdmakers,
Tijon,
Tilly's,
Tim McGraw,
Timmendorfer Strand und Niendorf,
Timo Parfums / Timo Limited Editions,
Timothy Han Edition Perfumes,
Tina Arena,
Tina Gattermann,
Tino Cosma,
Tintoretto,
Tipton Charles,
Tisserand,
Tita Rossi,
Titanium Man,
Titto Bluni,
Tiverton,
Tiziana,
Tiziana Terenzi,
Tocca,
Todd Oldham,
Tokalon,
Tokidoki,
Tokyomilk,
Tola,
Tom Cobani,
Tom Daxon,
Tom Fields Ltd.,
Tom Ford,
Tom Gilbey,
Tom Rebl,
Tom Ross,
Tom Tailor,
Tomb Raider,
Tommi Sooni,
Tommy Bahama,
Tommy Hilfiger,
Tonatto,
Tondeo,
Toni Gard,
Toni Montana,
Tonino Lamborghini,
TonyMoly,
Too Cool for School,
Too Faced,
Top Cosmetic,
Top Perfumer,
top2base,
Topman,
Torre of Tuscany,
Torrente,
Torrid,
Torrini,
Tory Burch,
Tous,
Tova Borgnine Beverly Hills,
Tracy Reese,
Trader B's,
Trance Essence,
Traveller Limited,
Tre Vaux,
Tre-Jur,
Treacle Moon,
Treasure Masters Perfume Co.,
Tremendous,
Trend Collection,
Treu, Nuglisch & Comp. / Treu & Nuglisch
Trigema,
Trilby,
Trillium Organics,
Trilogy,
Triloka,
Trina,
Trionfale,
Triquetra,
Trish McEvoy,
Trisha Paytas,
Trisha Yearwood,
Tristan,
Tristano Onofri,
Tristo,
Triumph,
Triumph International,
Troge Natural Perfumes,
Tromborg,
Tropical Feeling,
Trottolini,
Tru Fragrance / Romane Fragrances,
Trudi Baby Care,
Trudon,
True Blood,
True Religion,
True Viking,
Truefitt & Hill,
Truly Swiss,
Truly Yours,
Trussardi,
Tsi-La Organic,
Tsumara International Inc.,
Tubar,
Tucker Hill,
Tulip,
Tulisa,
Tussi on Tour,
Tussy,
Tuttotondo,
Twany,
Twenty20 Cricket Company,
Twiggy,
Twilight Beauty,
Twinkle Apothecary,
Twisted Soul,
Tzara,
U.S. Polo,
Ubaldo Cipriani,
Ubisoft Brasil,
Udo Walz,
Ugo Correani,
Ugo Vanelli,
Uli Schneider,
Ulric de Varens,
Ulrich / Domenico Ulrich Torino,
Ulrich Lang,
Ulta,
Ultima II,
Ulysse,
Uma,
Umberto Feretti,
Umbro,
Undergreen,
Une Nuit Nomade,
Unic,
Unicliffe Ltd.,
Union,
Union J,
Unique / MyParfum,
United Children's Fund,
United Scents of America,
Universal Studios,
Universal Voodoo,
Unknown Brand / Unbekannte Marke,
Unkut,
Unlimited Perfumes,
Unum,
Uppercut Deluxe,
Urban Decay,
Urban Dollkiss,
Urban Outfitters,
Urban Retreat,
Urban Rituelle,
Urban Scents,
Urbanovitch,
Uroda / Bi-es,
Ursa Major,
Usher,
Ustraa,
UT & C,
Utique,
V Canto,
V76 by Vaughn,
Vakko,
Valcena,
Valchemy Lab,
Valdelis,
Valentin Yudashkin,
Valentine Palomba,
Valentino,
Valeria Mazza,
Valeur Absolue,
Validation,
Vallette,
Valmor Products Co.,
Valois / Parfums Valois,
Valoy,
Van Cleef & Arpels,
Van der Faun,
Van Gils,
Van Heusen,
Van Laack,
Vanae,
Vanda Beauty Counselor / Beauty Counselor,
Vanda Cosmetics,
Vanessa Somerset Design,
Vanessa Tugendhaft,
Vanity,
Vartan Perfumes,
Varva,
Vauban,
Vaudd,
Vaughan's Perfume Chicago,
VEB Aerosol Automat / Aerosol,
VEB Berlin Kosmetik,
VEB Kosmadon,
Vecny,
Veejaga,
Veena,
Vegas Dream,
Vegueros,
Veld's,
Veldez,
Velouderma,
Velvet & Sweet Pea's Purrfumery,
Vendara,
Venetian Master Perfumer / Lorenzo Dante Ferro,
Venice Beach,
Venicia,
Venise,
Ventilo,
Vera,
Vera Bradley,
Vera Wang,
Verano Verde,
Verdi,
Vered,
Veritas,
Verlaine,
Verlayne,
Vero Profumo,
Vero Uomo / Verro Uomo,
Verona,
Veronica Ferres,
Versace,
Vertigo,
Vertus,
Vespa,
Vetiver & Co.,
Vfiles,
Via Milano,
Via Paris Parfums,
ViaDeiMille,
Vianna,
Viary,
Viaspiga,
Vibour,
Vichy,
Vicious,
Vicky Tiel,
Victor,
Victor Manuelle,
Victor Pecci,
Victor Vaissier,
Victoria's Secret,
Victorine,
Victorinox,
Victorio & Lucchino,
Victory International,
Vidal (Conter),
Vidal (Mavive),
Vigny,
Viktor & Rolf,
Viktoria Minya,
Vilhelm Parfumerie,
Villa Buti,
Villa of the Mysteries,
Village,
Villeneuve,
Vinalys,
Vince Camuto,
Vincent Valentine,
Vincent van Gogh,
Vincenzo Barony / Barony Brazil,
Vinolia / Blondeau et Cie.,
Vintage Shaving Company,
Violet / Veolay,
Violette Market,
Violon Parfums Vienne,
VIP Room,
Virgin Islands Perfume Corp.,
Virgo Organics,
Virtualbrands,
Vischnou,
Visvim,
Vita Citral,
Vitalfreunde GmbH,
Vitasens,
Vito Ballare,
Vittorio Bellucci,
Viva Creation,
Vivace,
Vivaldi,
Vivant,
Vivarea,
Vivasan,
Vivaudou / Victor Vivaudou,
Vive Maria,
Vivian,
Vivian Blanc,
Vivian Gray,
Viviane Vendelle,
Viviane Woodard,
Vivienne Westwood,
Viville,
Vivinevo,
Viyella,
VK Nagrani,
Vogue,
Voi Jeans,
Voirnet,
Vol(t)age,
Volnay,
Volterra,
Voluspa,
Von Eusersdorff,
Von Sierstorpff,
Von Sono,
Vonna,
Voronin,
Voski,
Votivo,
Vougay,
VOV,
Vuarnet,
VZ,
W. H. Read,
W. I. Addis Company,
W. J. Austen & Co.,
W. J. Bush Co.,
W. T. Rawleigh,
W.Dressroom,
W.O.W.,
W:O:A,
W:O:A,
Wackelwasser,
Walachei,
Walden Perfumes,
Waldviertelduft,
Waldy Orain,
Wally,
Walter Wolf,
Walton Wood Farm,
Wanama,
Wanna Marchi,
Warm,
Warren-Smith Co.,
Washington Tremlett,
Waterford,
Waters + Wild,
Wax Poetic,
WE,
WeCare Distributors,
Wei East,
Weil,
Weisswange,
Weldon Inc.,
Weleda,
Wellments,
Wellness & Beauty,
Weltenduft,
Welton,
Wenck Perfumes,
Wendy&Jim;,
Wera,
West Life,
West Third Brand,
Western Valley Avenue / Western Valley Boulevard,
Westlife,
Wet Seal,
Whatever It Takes,
Wheatley,
Whitlatch,
Wholearth by Danny Seo,
Wicked Good,
Wickle,
Widian / AJ Arabia,
Wiener Blut,
Wil-low of Boston,
Wild Eden Natural Perfume,
Wild Hybrid,
Wild Olive,
Wild Perfume,
Wild Precious Life,
Wild Rose,
Wildfox,
Wilkinson Sword,
William Eadon,
William Hallden,
William Owen,
Williams,
Williams & Murray,
Willow Organic,
Wilmen,
Wim Janssens,
Wind,
Winkelman's,
Wittchen,
Wm. B. Riker & Son Co.,
Wm. H. Brown & Bro. Co.,
Wm. Neumann & Co.,
Wolff & Sohn / Wolff Freres,
Wolfgang Joop,
Wolken Parfums,
women'secret,
Womo,
Wood'd,
Woods of Windsor,
Woper,
Words,
World Origin,
Wormland,
Worood Perfume & Incense,
Worth,
Wrangler,
Wu-Tang Clan,
Wunderfrollein,
Wycon,
Wylde Ivy,
X-Ray / RXR,
XerJoff,
Xflex,
XL - Extra Large,
XOXO,
XPEC,
Xquiscents,
Xyreen,
Xyrena,
Y-Yo,
Yacare,
Yachtsman,
Yaemina,
Yanbal,
YanFroloff,
Yann Bayaldi,
Yardley,
Yas Perfumes,
Yava,
Ybry,
Yellow Claw,
Yes Ma'am it's Dapper Dan,
YESforLOV,
Yeslam,
Yesod,
YeYe Parfums,
Yin & Yang,
Yiwu Xiangnuo Cosmetics,
Yllozure,
yogesh,
Yohji Yamamoto,
Yoke,
Yoppy,
York,
Yorn,
Yosh,
YouFirst,
Youmejin,
Young & Gifted,
Youvenel,
YS UZAC,
Yvan & Marzia,
Yvan Serras,
Yven,
Yveperfume,
Yves Chantre,
Yves d'Orgeval / Yves Dorgeval,
Yves de Sistelle,
Yves Rocher,
Yves Saint Laurent,
Yves Saint-Brice,
Yvette, Inc.
Yvona K.,
Yvonne Balsac,
Yvonne LaFleur,
Yvonne Negri,
YVRA 1958,
YZY,
Zadig & Voltaire,
Zaharoff,
Zambeletti,
Zamponi,
Zandra Rhodes,
Zanol,
Zara,
Zara Home,
Zarkoperfume,
Zasmin,
Zeenat Aman,
Zenadora,
Zenobia,
Zents,
Zephyr,
Zermat,
Zero,
Zeromolecole,
Zeus,
Zibermann,
Zica Alexa,
Zignago,
Zinzi,
Zippo Fragrances,
Zirh,
Zlatorog,
Zodiac Cosmetics,
Zoe Karssen,
Zoella,
Zofaly,
Zohoor Alreef / Le Verger Shop,
Zoologist,
Zorannah,
Zorica of Malibu,
Zortel,
Zsa Zsa Gabor,
Zum Ritter St. Georg,
Zuma,
Zuzuz Petalz,
Zwitsal,
Zync,
[im]proper,
Amouage,
Chanel,
Guerlain,
Serge Lutens,
Giorgio Armani,
XerJoff,
Byredo,
Paco Rabanne,
Jean Paul Gaultier,
Roja Parfums,
Dior,
Prada,
Yves Saint Laurent,
Bvlgari,
Mugler / Thierry Mugler,
Acqua di Parma,
Maison Francis Kurkdjian,
Creed,
Calvin Klein,
Profumum Roma,
Tom Ford,
Penhaligon's,
Montale,
